title,resource_category,catalog_title,govt_type,ministry_department,state_department,published_date,changed,created,sector,sector_resource,field_resource_type,datafile,datafile_url,file_format,file_size,frequency,granularity,field_from_api,is_api_available,is_visualized,api_request_count,field_high_value_dataset,field_show_export,cdos_state_ministry,is_rated,external_api_reference,note,node_alias,ogdp_download_count,ogdp_view_count,domain
Variety-wise Daily Market Prices Data of Commodity,Dataset,Current daily price of various commodities from various markets (Mandi),Central,Ministry of Agriculture and Farmers Welfare;Department of Agriculture and Farmers Welfare;Directorate of Marketing and Inspection (DMI),,2/6/2024,27/6/2025,21/5/2024,Agriculture;Agricultural Marketing,,5,,https://api.data.gov.in/resource/35985678-0d79-46b4-9ed6-6f13308a1d24?api-key=579b464db66ec23bdd000001cdc3b564546246a772a26393094f5645&offset=0&limit=all&format=csv,text/csv,1464,Daily,Daily,1,1,,,1,TRUE,Directorate of Marketing and Inspection (DMI),1,6622308,,/resource/variety-wise-daily-market-prices-data-commodity,394032,167942,data.gov.in
Kisan Call Centre (KCC) - Transcripts of farmers queries & answers,Dataset,District wise and month wise queries of farmers in Kisan Call Centre (KCC) ,Central,Ministry of Agriculture and Farmers Welfare;Department of Agriculture and Farmers Welfare,,12/7/2024,27/6/2025,12/7/2024,Agriculture,,5,,https://api.data.gov.in/resource/cef25fe2-9231-4128-8aec-2c948fedd43f?api-key=579b464db66ec23bdd000001cdc3b564546246a772a26393094f5645&offset=0&limit=all&format=csv,text/json,,Daily,Daily,1,1,,,1,TRUE,Department of Agriculture and Farmers Welfare,1,6622307,,/resource/kisan-call-centre-kcc-transcripts-farmers-queries-answers,219561,241962,data.gov.in
All India Pincode Directory till last month,Dataset,All India Pincode Directory (Through WebService),Central,Ministry of Communications;Department of Posts,,4/12/2020,27/6/2025,4/12/2020,Information and Communications;Post,Post,4,https://data.gov.in/files/ogdpv2dms/s3fs-public/dataurl03122020/pincode.csv,https://api.data.gov.in/resource/5c2f62fe-5afa-4119-a499-fec9d604d5bd?api-key=579b464db66ec23bdd000001cdc3b564546246a772a26393094f5645&offset=0&limit=all&format=csv,text/csv,23760720,Monthly,Monthly,1,1,0,9,0,TRUE,Department of Posts,1,6818292,Data will be updated on monthly basis.,/resource/all-india-pincode-directory-till-last-month,105072,177619,data.gov.in
Registrars of Companies (RoC)-wise Company Master Data,Dataset,Company Master Data,Central,Ministry of Corporate Affairs,,24/4/2024,27/6/2025,15/9/2015,Commerce;Companies,Commerce;Companies,5,https://data.gov.in/files/ogdpv2dms/s3fs-public/dataurl15092015/company_master_data_upto_Mar_2015_Goa.csv,https://data.gov.in/sites/default/files/dataurl15092015/company_master_data_upto_Mar_2015_Goa.csv,text/csv,996505,Monthly,Monthly,1,1,1,,1,TRUE,Ministry of Corporate Affairs,1,603037492,Figures Authorized Capital and Paid up Capital are in INR; NA: Not Available The data upto 3rd November 2023.,/resource/registrars-companies-roc-wise-company-master-data,39682,9035,data.gov.in
Current Daily Price of Various Commodities from Various Markets (Mandi),Dataset,Current daily price of various commodities from various markets (Mandi),Central,Ministry of Agriculture and Farmers Welfare;Department of Agriculture and Farmers Welfare;Directorate of Marketing and Inspection (DMI),,23/5/2013,27/6/2025,23/5/2013,Agriculture;Agricultural Marketing,Agriculture;Agricultural Marketing,4,https://data.gov.in/files/ogdpv2dms/s3fs-public/Date-Wise-Prices-all-Commodity.xml,https://api.data.gov.in/resource/9ef84268-d588-465a-a308-a864a43d0070?api-key=579b464db66ec23bdd000001cdc3b564546246a772a26393094f5645&offset=0&limit=all&format=csv,text/csv,112,Daily,Daily,,1,1,2,1,TRUE,Directorate of Marketing and Inspection (DMI),1,3670701,,/resource/current-daily-price-various-commodities-various-markets-mandi,37549,59612,data.gov.in
List of MSME Registered Units under UDYAM,Dataset, UDYAM Registration (MSME Registration),Central,"Ministry of Micro, Small and Medium Enterprises",,29/5/2024,27/6/2025,22/5/2024,Industries;Medium;Micro;Small Scale,,5,https://data.gov.in/files/ogdpv2dms/s3fs-public/udyamsampledata.csv,https://api.data.gov.in/resource/8b68ae56-84cf-4728-a0a6-1be11028dea7?api-key=579b464db66ec23bdd000001cdc3b564546246a772a26393094f5645&offset=0&limit=all&format=csv,text/csv,3681,Daily,Daily,1,1,,,1,TRUE,"Ministry of Micro, Small and Medium Enterprises",1,6878785,,/resource/list-msme-registered-units-under-udyam,22700,12701,data.gov.in
Health indicator-wise monthly datasets at sub district level from HMIS,Dataset,Health indicator-wise monthly datasets at sub district level from HMIS ,Central,Ministry of Health and Family Welfare;Department of Health and Family Welfare,,18/3/2020,12/2/2025,11/3/2020,Health and Family welfare;Family Welfare;Health,Health and Family welfare;Family Welfare;Health;Health and Family welfare;Family Welfare;Health;Health and Family welfare;Family Welfare;Health;Health and Family welfare;Family Welfare;Health;Health and Family welfare;Family Welfare;Health;Health and Family welfare;Family Welfare;Health;Health and Family welfare;Family Welfare;Health;Health and Family welfare;Family Welfare;Health;Health and Family welfare;Family Welfare;Health;Health and Family welfare;Family Welfare;Health;Health and Family welfare;Family Welfare;Health;Health and Family welfare;Family Welfare;Health;Health and Family welfare;Family Welfare;Health;Health and Family welfare;Family Welfare;Health;Health and Family welfare;Family Welfare;Health;Health and Family welfare;Family Welfare;Health;Health and Family welfare;Family Welfare;Health;Health and Family welfare;Family Welfare;Health;Health and Family welfare;Family Welfare;Health;Health and Family welfare;Family Welfare;Health;Health and Family welfare;Family Welfare;Health;Health and Family welfare;Family Welfare;Health;Health and Family welfare;Family Welfare;Health;Health and Family welfare;Family Welfare;Health;Health and Family welfare;Family Welfare;Health;Health and Family welfare;Family Welfare;Health;Health and Family welfare;Family Welfare;Health;Health and Family welfare;Family Welfare;Health;Health and Family welfare;Family Welfare;Health;Health and Family welfare;Family Welfare;Health;Health and Family welfare;Family Welfare;Health,5,https://data.gov.in/files/ogdpv2dms/s3fs-public/dataurl11032020/HMIS-Assam-Cachar-Apr-2019-20.csv,https://api.data.gov.in/resource/0c2d45a3-d0b5-4053-bf9a-e00395319472?api-key=579b464db66ec23bdd000001cdc3b564546246a772a26393094f5645&offset=0&limit=all&format=csv,text/csv,422373,Monthly,Monthly,1,1,0,,0,TRUE,Department of Health and Family Welfare,1,6737060,NA: Not Available/Not Applicable; The data is as reported by health facilities of respective States/UTs of India.,/resource/health-indicator-wise-monthly-datasets-sub-district-level-hmis,22486,52094,data.gov.in
Real time Air Quality Index from various locations,Dataset,Real time Air Quality Index,Central,"Ministry of Environment, Forest and Climate Change;Central Pollution Control Board",,4/8/2016,27/6/2025,25/7/2016,Environment and Forest;Industrial Air Pollution;Residential Air Pollution;Vehicular Air Pollution,Environment and Forest;Industrial Air Pollution;Residential Air Pollution;Vehicular Air Pollution,4,https://data.gov.in/files/ogdpv2dms/s3fs-public/datafile/data_aqi_cpcb.xml,https://api.data.gov.in/resource/3b01bcb8-0b14-4abf-b6f2-c1bfd384ba69?api-key=579b464db66ec23bdd000001cdc3b564546246a772a26393094f5645&offset=0&limit=all,text/csv,17084,Hourly,Hourly,1,1,1,12,1,TRUE,Central Pollution Control Board,1,3630781,The real-time data as collected from the field instruments is displayed live without human intervention from CPCB. It is likely that the live data may display some errors or abnormal values. Any abnormal value may be due to any episode or instrumental error at any particular time.,/resource/real-time-air-quality-index-various-locations,22293,102119,data.gov.in
Wholesale Price Index (Base Year 2011-12) till last month,Dataset,Wholesale Price Index,Central,Ministry of Commerce and Industry;Department for Promotion of industry and Internal Trade;Office of the Economic Adviser,,24/8/2017,27/6/2025,18/8/2017,Economy;Prices;Finance;Economy,Economy;Prices;Finance;Economy,4,https://data.gov.in/files/ogd20/ogdpv2dms/s3fs-public/dataurl30082017/wpi_monthly_data.csv,https://api.data.gov.in/resource/239ac3d0-f08d-40d0-b03c-9b7a426a62d5?api-key=579b464db66ec23bdd000001cdc3b564546246a772a26393094f5645&offset=0&limit=all&format=csv,text/csv,555273,Monthly,Monthly,1,1,1,12,0,TRUE,Office of the Economic Adviser,1,3630501,Data for last two months are provisional; NA: Not Applicable/Available,/resource/wholesale-price-index-base-year-2011-12-till-last-month,8915,5321,data.gov.in
Daily data of reservoir level of Central Water Commission (CWC),Dataset,Reservoir,Central,"Department of Water Resources, River Development & Ganga Rejuvenation;Ministry of Jal Shakti;National Water Informatics Centre",,24/8/2022,15/6/2025,17/5/2022,Water Resources,,5,https://data.gov.in/files/ogdpv2dms/s3fs-public/reservoir-cwc-jan22_1.csv,https://api.data.gov.in/resource/1fc2148c-fc41-46f5-a364-bdc03f77053f?api-key=579b464db66ec23bdd000001cdc3b564546246a772a26393094f5645&offset=0&limit=all&format=csv,text/csv,756303,Monthly,Monthly,1,1,,,1,TRUE,National Water Informatics Centre,0,7210814,,/resource/daily-data-reservoir-level-central-water-commission-cwc,8311,3393,data.gov.in
"All India and State/UT-wise Factsheets of National Family Health Survey (NFHS) - 5, 2019-2021",Dataset,National Family Health Survey (NFHS) - 5,Central,Ministry of Health and Family Welfare;Department of Health and Family Welfare;International Institute for Population Sciences (IIPS),,15/2/2022,2/6/2025,12/2/2022,Health and Family welfare;Family Welfare,Health and Family welfare;Health and Family welfare;Health and Family welfare;Health and Family welfare;Health and Family welfare;Health and Family welfare,1,https://data.gov.in/files/ogdpv2dms/s3fs-public/datafile/NFHS_5_Factsheets_Data.xls,,application/vnd.ms-excel,179712,Others,Others,0,0,0,35,0,TRUE,International Institute for Population Sciences (IIPS),1,," For all indicators except infant and child mortality rates, figures in ( ) are based on 25-49 unweighted cases and  * denotes percentage not shown based on fewer than 25 unweighted cases. 
For infant and child mortality indicators, figures in ( ) are based on 250-499 unweighted person years of exposure to the risk of death and * denotes figures not given based on fewer than 250 unweighted person years of exposure to the risk of death.

For more details please, visit  to URL http://rchiips.org/nfhs/NFHS-5_FCTS/COMPENDIUM/NFHS-5%20State%20Factsheet%20Compendium_Phase-I.pdf  and http://rchiips.org/nfhs/NFHS-5_FCTS/Final%20Compendium%20of%20fact%20sheets_India%20and%2014%20States_UTs%20(Phase-II).pdf",/resource/all-india-and-stateut-wise-factsheets-national-family-health-survey-nfhs-5-2019-2021,7634,2881,data.gov.in
FDI Equity Inflows from the year 2000 till last quarter,Dataset,Foreign Direct Investment (FDI) Equity Inflows,Central,Ministry of Commerce and Industry;Department for Promotion of industry and Internal Trade,,14/6/2017,18/6/2025,14/6/2017,Commerce,Commerce,4,https://data.gov.in/files/ogdpv2dms/s3fs-public/dataurl13062017/dipp.csv,http://data.gov.in/sites/default/files/dataurl13062017/dipp.csv,text/csv,5498,Quarterly,Quarterly,,1,1,,0,TRUE,Department for Promotion of industry and Internal Trade,1,3630701,"Data are being updated quarterly basic, it contains data till last quarter of the current year.",/resource/fdi-equity-inflows-year-2000-till-last-quarter,5633,2827,data.gov.in
"India Districts Factsheets of National Family Health Survey (NFHS) - 5, 2019-2021",Dataset,National Family Health Survey-5 (NFHS-5) - India Districts Factsheet Data,Central,Ministry of Health and Family Welfare;Department of Health and Family Welfare;International Institute for Population Sciences (IIPS),,4/3/2022,3/6/2025,2/3/2022,All;Health and Family welfare,All;Family Welfare,1,https://data.gov.in/files/ogdpv2dms/s3fs-public/datafile/NFHS_5_India_Districts_Factsheet_Data.xls,,application/vnd.ms-excel,757248,Others,Others,0,1,0,25,0,TRUE,International Institute for Population Sciences (IIPS),0,,"Figures in ( ) are based on 25-49 unweighted cases and * denotes percentage not shown based on fewer than 25 unweighted cases. For more details please, visit to URL 
http://rchiips.org/nfhs/districtfactsheet_NFHS-5.shtml",/resource/india-districts-factsheets-national-family-health-survey-nfhs-5-2019-2021,5529,5054,data.gov.in
Month-wise All India Crowdsourced Mobile Data Speed Measurement,Dataset,MySpeed (Crowdsourced Mobile Data Speeds),Central,Ministry of Communications;Department of Telecommunications (DOT);Telecom Regulatory Authority of India (TRAI),,23/4/2018,25/1/2025,20/4/2018,Information and Communications;Telecom,Information and Communications;Telecom;Information and Communications;Telecom;Information and Communications;Telecom;Information and Communications;Telecom;Information and Communications;Telecom;Information and Communications;Telecom;Information and Communications;Telecom;Information and Communications;Telecom,5,https://data.gov.in/files/ogdpv2dms/s3fs-public/dataurl23042018/march18_myspeed.csv,https://api.data.gov.in/resource/ade6e644-91b8-4d27-97ba-e8c42c48f278?api-key=579b464db66ec23bdd000001cdc3b564546246a772a26393094f5645&offset=0&limit=all&format=csv,text/csv,7345405,Monthly,Monthly,0,1,1,1,1,TRUE,Telecom Regulatory Authority of India (TRAI),1,6622353,"if You are not able to find speeds mentioned for a TSP/ State, this is due to insufficient samples in your selection ""na"" = ""not available"" owing to device unable to capture signal level LSA : Licensed_Service_Area, Signal_Strength : signal strength refers to the Transmitter power output as received by a reference antenna, TEST_TYPE : Upload /Download represent whether speed is for Download test or Upload Test, Technology : Network generation technology of wireless technology, TSP: Telecom Service Provider which provide service to users in a specific LSA
",/resource/month-wise-all-india-crowdsourced-mobile-data-speed-measurement,4911,7000,data.gov.in
Sub Divisional Monthly Rainfall from 1901 to 2017,Dataset,Rainfall in India,Central,"Ministry of Earth Sciences;India Meteorological Department (IMD);India Meteorological Department (IMD), Pune",,18/12/2018,12/12/2021,4/12/2018,Science and Technology;Atmospheric Science;Earth Sciences,Earth Sciences;Earth Sciences,1,https://data.gov.in/files/ogdpv2dms/s3fs-public/datafile/Sub_Division_IMD_2017.csv,,text/csv,445369,Annual,Annual,0,1,1,1,0,TRUE,"India Meteorological Department (IMD), Pune",1,,"All values are in MMS; NA: Not Available.
",/resource/sub-divisional-monthly-rainfall-1901-2017,4900,13151,data.gov.in
Voice Call Quality Customer Experience till last month,Dataset,Voice Call Quality Customer Experience ,Central,Ministry of Communications;Department of Telecommunications (DOT);Telecom Regulatory Authority of India (TRAI),,1/12/2017,25/3/2025,30/11/2017,Information and Communications;Telecom,Information and Communications;Telecom;Information and Communications;Telecom;Information and Communications;Telecom;Information and Communications;Telecom;Information and Communications;Telecom;Information and Communications;Telecom;Information and Communications;Telecom;Information and Communications;Telecom,5,https://data.gov.in/files/ogdpv2dms/s3fs-public/datafile/my_calls_1.csv,https://api.data.gov.in/resource/98e76922-ab13-474e-9bce-78942583cd0e?api-key=579b464db66ec23bdd000001cdc3b564546246a772a26393094f5645&offset=0&limit=all&format=csv,text/csv,1233,Monthly,Others,0,1,0,3,1,TRUE,Telecom Regulatory Authority of India (TRAI),1,4206541,,/resource/voice-call-quality-customer-experience-till-last-month,4422,4835,data.gov.in
Wholesale Price Index (Base Year 2011-12) till last financial year,,Wholesale Price Index,Central,Ministry of Commerce and Industry;Department for Promotion of industry and Internal Trade;Office of the Economic Adviser,,20/11/2017,27/6/2025,14/9/2017,Economy;Prices;Finance;Economy,,1,,http://data.gov.in/sites/default/files/dataurl30082017/wpi_yearly_data.csv,text/csv,120266,Annual,Annual,1,0,0,14,0,TRUE,Office of the Economic Adviser,1,,NA: Not Applicable/Available,/resource/wholesale-price-index-base-year-2011-12-till-last-financial-year,4247,2266,data.gov.in
Indian Railways Time Table for trains available for reservation as on 01.11.2017,Dataset,Indian Railways Train Time Table,Central,Ministry of Railways,,24/1/2018,2/6/2025,24/4/2018,Transport;Railways,Transport;Railways,1,https://data.gov.in/files/ogdpv2dms/s3fs-public/dataurl10012018/Train_details_22122017.csv,https://data.gov.in/sites/default/files/dataurl10012018/Train_details_22122017.csv,text/csv,16704995,Others,Others,0,1,1,,0,TRUE,Ministry of Railways,1,,,/resource/indian-railways-time-table-trains-available-reservation-01112017,4131,5092,data.gov.in
Daily data of Soil Moisture,Dataset,Soil Moisture,Central,"Department of Water Resources, River Development & Ganga Rejuvenation;Ministry of Jal Shakti;National Water Informatics Centre",,24/8/2022,15/6/2025,17/5/2022,Water Resources,,5,https://data.gov.in/files/ogdpv2dms/s3fs-public/soil_moisture-jan22_0.csv,https://api.data.gov.in/resource/4554a3c8-74e3-4f93-8727-8fd92161e345?api-key=579b464db66ec23bdd000001cdc3b564546246a772a26393094f5645&offset=0&limit=all&format=csv,text/csv,1431363,Monthly,Monthly,1,1,,1,1,TRUE,National Water Informatics Centre,1,7210812,,/resource/daily-data-soil-moisture,3903,4865,data.gov.in
Seasonal and Annual Mean Temperature Series for the period 1901-2021,Dataset,All India Seasonal and Annual Temperature Series,Central,"Ministry of Earth Sciences;India Meteorological Department (IMD);India Meteorological Department (IMD), Pune",,16/1/2023,2/6/2025,1/8/2022,Science and Technology;Earth Sciences,Earth Sciences,1,https://data.gov.in/files/ogdpv2dms/s3fs-public/TEMP_ANNUAL_SEASONAL_MEAN.csv,,text/csv,4359,Annual,Annual,0,0,,8,1,TRUE,"India Meteorological Department (IMD), Pune",0,,,/resource/seasonal-and-annual-mean-temperature-series-period-1901-2021,3667,1581,data.gov.in
"District-wise, season-wise crop production statistics from 1997",Dataset,"District-wise, season-wise crop production statistics",Central,Ministry of Agriculture and Farmers Welfare;Department of Agriculture and Farmers Welfare;Directorate of Economics and Statistics (DES),,20/5/2013,16/10/2024,20/5/2013,Agriculture;Agricultural Produces,Agriculture;Agricultural Produces,2,,https://aps.dac.gov.in/APY/apy.csv,text/csv,15316741,Annual,Annual,,1,1,251,0,FALSE,Directorate of Economics and Statistics (DES),1,,,/resource/district-wise-season-wise-crop-production-statistics-1997,3667,33857,data.gov.in
"Global Youth Tobacco Survey (GYTS-4), India and States, 2019",Dataset,Global Youth Tobacco Survey (GYTS-4),Central,Ministry of Health and Family Welfare;Department of Health and Family Welfare;International Institute for Population Sciences (IIPS),,1/9/2022,1/9/2022,2/8/2022,Health;Health and Family welfare,Health and Family welfare;Family Welfare,1,https://data.gov.in/files/ogd20/ogdpv2dms/s3fs-public/GYTS4.xls,https://www.iipsindia.ac.in/sites/default/files/other_files/GYTS4_India_Fact_Sheet.pdf,application/vnd.ms-excel,93184,Others,Others,0,0,,10,1,TRUE,International Institute for Population Sciences (IIPS),0,,"Notes: 1. Use of any form of tobacco, i.e. smoking, smokeless, and any other form of tobacco products; 2. Ever tried or experimented any form of tobacco even once; 3. Use of any form of tobacco in past 30 days; 4. Includes other form of smoking products in addition to cigarette and bidi such as hookah, cigars, cheroots, cigarillos, water pipe, chillum, chutta, dhumti, 5. Use of paan masala together with tobacco was asked directly as one of the categories of smokeless tobacco; 6.  Susceptibility to future cigarette use includes those who answered Yes, or maybe to using tobacco products if one of their best friends offered it to them; 7. E-cigarette is part of Electronic Nicotine Delivery System (ENDS) and includes like devices and other emerging products; 8. Stopped using tobacco in past 12 months; 9. Refers to current tobacco users only;  10. Secondhand smoking or passive smoking refers to exposure to other peoples smoking in past 7 days; 11. Refers to schools, hostels, shops, restaurants, movie theatres, public conveyances, gyms, sports arenas, airports, auditorium, hospital building, railway waiting room, public toilets, public offices, educational institutions, libraries, etc.; 12. Refers to playgrounds, sidewalks, entrances to buildings, parks, beaches, bus stops, market places, etc.; #. the value 0.0 represent prevalence of less than 0.05. 13. Refers to source of obtaining tobacco products by current users at the time of  last use in past 30 days and the two major sources are given here, therefore, these two figures may not add upto 100% as there are other sources; 14. Includes any form of mass media, fairs, concerts, sporting, community events or social gatherings, tobacco products packages and taught in class; 15. Mass media includes television, radio, internet, billboards, posters, newspapers, magazines, movies, etc.; 16. Social events include sports events, fairs, concerts, community events, social gatherings etc.; 17. Includes any form of media or point of sale; 18. Point of Sale includes any stores, grocery shops, paan shops etc.; 19.Unit of analysis is the school (unweighted); 20. Cigarettes and Other Tobacco Products (Prohibition of Advertisement and Regulation of Trade and Commerce, Production, Supply and Distribution) Act, 2003.",/resource/global-youth-tobacco-survey-gyts-4-india-and-states-2019,3002,1162,data.gov.in
Local Government Directory (LGD) - Villages with PIN Codes,Dataset,Local Government Directory (LGD),Central,Ministry of Panchayati Raj,,22/9/2022,1/6/2025,22/9/2022,Panchayati Raj,,5,https://data.gov.in/files/ogd20/ogdpv2dms/s3fs-public/dataurl22092022/rural.csv,https://api.data.gov.in/resource/f17a1608-5f10-4610-bb50-a63c80d83974?api-key=579b464db66ec23bdd000001cdc3b564546246a772a26393094f5645&offset=0&limit=all&format=csv,text/csv,16537702,Monthly,Monthly,1,1,,7,1,TRUE,Ministry of Panchayati Raj,1,7246503,This Dataset contains LGD codes for Villages with PIN Codes. This dataset will be updated on 1st day of every month.,/resource/local-government-directory-lgd-villages-pin-codes,2870,3152,data.gov.in
Local Government Directory (LGD) - Local Bodies with PIN Codes,Dataset,Local Government Directory (LGD),Central,Ministry of Panchayati Raj,,22/9/2022,1/6/2025,22/9/2022,Panchayati Raj,,4,https://data.gov.in/files/ogd20/ogdpv2dms/s3fs-public/urban_0.csv,https://api.data.gov.in/resource/71818d1a-c114-46cb-aa9b-56ed70d4bc4a?api-key=579b464db66ec23bdd000001cdc3b564546246a772a26393094f5645&offset=0&limit=all&format=csv,text/csv,137527,Monthly,Monthly,1,1,1,,1,TRUE,Ministry of Panchayati Raj,1,7246652,This Dataset contains LGD codes for Local Bodies with PIN Codes. This dataset will be updated on 1st day of every month. ,/resource/local-government-directory-lgd-local-bodies-pin-codes,2629,2184,data.gov.in
"Industry, State and Year wise Startups Recognized by DPIIT till last week",Dataset,Startup Recognized by DPIIT ,Central,Ministry of Commerce and Industry;Department for Promotion of industry and Internal Trade,,1/9/2022,17/2/2025,30/8/2022,All,,2,,https://www.startupindia.gov.in/srf/data-gov-in/gov-data-final.csv,text/csv,,Weekly,Annual,1,0,,18,1,TRUE,Department for Promotion of industry and Internal Trade,0,7221413,DPIIT - Department for Promotion of Industry and Internal Trade.,/resource/industry-state-and-year-wise-startups-recognized-dpiit-till-last-week,2617,2083,data.gov.in
Crime Head-wise Police Disposal of IPC Crime Cases (Crime Head-wise) during 2019,Dataset,Crime in India - 2019,Central,Ministry of Home Affairs;Department of States;National Crime Records Bureau (NCRB),,9/3/2021,9/3/2021,5/3/2021,Home Affairs and Enforcement;Police,Police,1,https://data.gov.in/files/ogd20/ogdpv2dms/s3fs-public/dataurl05032021/NCRB_CII-2019_Table_17A.1.csv,https://data.gov.in/sites/default/files/dataurl05032021/NCRB_CII-2019_Table_17A.1.csv,text/csv,18087,Annual,Annual,0,1,1,,0,TRUE,National Crime Records Bureau (NCRB),1,,"As per data provided by States/UTs; Due to non-receipt of data from West Bengal in time for 2019, Data furnished for 2018 has been used.",/resource/crime-head-wise-police-disposal-ipc-crime-cases-crime-head-wise-during-2019,2612,1333,data.gov.in
District Wise Total MSME Registered Enterprises under UDYAM Registration till last date,Dataset, UDYAM Registration (MSME Registration),Central,"Ministry of Micro, Small and Medium Enterprises",,1/11/2021,27/6/2025,26/10/2021,Industries;Medium;Micro;Small Scale,Medium;Micro;Small Scale;Medium;Micro;Small Scale;Medium;Micro;Small Scale;Medium;Micro;Small Scale;Medium;Micro;Small Scale,4,https://data.gov.in/files/ogd20/ogdpv2dms/s3fs-public/datafile/district_level_total_Registered_msme.csv?VersionId=105172500341441,https://api.data.gov.in/resource/f8cd85a1-f9b8-4ff1-b195-9f75c10eb338?api-key=579b464db66ec23bdd000001cdc3b564546246a772a26393094f5645&offset=0&limit=all&format=csv ,text/csv,38424,Daily,Daily,1,1,1,19,1,TRUE,"Ministry of Micro, Small and Medium Enterprises",1,7159067,,/resource/district-wise-total-msme-registered-enterprises-under-udyam-registration-till-last-date,2447,1567,data.gov.in
Shapefile of Rivers,Dataset,Boundaries of Water Resources Projects,Central,"Department of Water Resources, River Development & Ganga Rejuvenation;Ministry of Jal Shakti;National Water Informatics Centre",,28/9/2022,28/9/2022,16/9/2022,Ground Water;Surface Water,Ground Water;Surface Water,2,,https://data.gov.in/files/ogdpv2dms/s3fs-public/dataurl15092022/Rivers.zip,application/zip,,One-time,One-time,0,0,,,1,TRUE,National Water Informatics Centre,0,,"This zip contains the various formats i.e .shp, .shx,.dbf,.prj,.sbn, .cpg,.dbf. This zip contains the information of all all the major and minor rivers  of entire country. It is a line .",/resource/shapefile-rivers,2410,2637,data.gov.in
Rainfall in all India and its departure from normal during Monsoon session (June-Sept) from 1901 to 2019,Dataset,Rainfall in India,Central,"Ministry of Earth Sciences;India Meteorological Department (IMD);India Meteorological Department (IMD), Pune",,20/5/2021,20/5/2021,2/11/2020,Science and Technology;Atmospheric Science;Earth Sciences,Earth Sciences;Earth Sciences;Earth Sciences;Earth Sciences,1,https://data.gov.in/files/ogd20/ogdpv2dms/s3fs-public/datafile/All-India-Rainfall-Act_Dep_1901_to_2019_0.csv,,text/csv,4192,Annual,Annual,0,1,1,,0,TRUE,"India Meteorological Department (IMD), Pune",0,,Actual Rainfall in MM.,/resource/rainfall-all-india-and-its-departure-normal-during-monsoon-session-june-sept-1901-2019,2044,2631,data.gov.in
Enrolment by Age and Class (UDISE plus) during 2012-13,Dataset,Enrolment by Age and Class (UDISE plus),Central,Ministry of Education;Department of School Education and Literacy,,14/9/2023,14/9/2023,13/1/2022,Education,,1,https://data.gov.in/files/ogd20/ogdpv2dms/s3fs-public/datafile/enrolment_age_2012_13.csv?VersionId=105166644224513,,text/csv,1372069,Annual,Annual,0,0,0,0,0,TRUE,Department of School Education and Literacy,0,,,/resource/enrolment-age-and-class-udise-plus-during-2012-13,2005,1216,data.gov.in
District wise Services MSME Registered Enterprises under UDYAM Registration till last date ,Dataset, UDYAM Registration (MSME Registration),Central,"Ministry of Micro, Small and Medium Enterprises",,1/11/2021,27/6/2025,26/10/2021,Industries;Medium;Micro;Small Scale,Medium;Micro;Small Scale;Medium;Micro;Small Scale;Medium;Micro;Small Scale;Medium;Micro;Small Scale;Medium;Micro;Small Scale,4,https://data.gov.in/files/ogd20/ogdpv2dms/s3fs-public/datafile/district_level_service_msme.csv?VersionId=105172390466305,https://api.data.gov.in/resource/c3dfe7e6-0cfd-4ddb-8f79-9cb3695d9866?api-key=579b464db66ec23bdd000001cdc3b564546246a772a26393094f5645&offset=0&limit=all&format=csv,text/csv,37790,Daily,Daily,1,1,1,11,1,TRUE,"Ministry of Micro, Small and Medium Enterprises",1,7159069,,/resource/district-wise-services-msme-registered-enterprises-under-udyam-registration-till-last-date,1960,1349,data.gov.in
Seasonal and Annual Min/Max Temp Series - India from 1901 to 2017,Dataset,All India Seasonal and Annual Min/Max Temperature Series,Central,"Ministry of Earth Sciences;India Meteorological Department (IMD);India Meteorological Department (IMD), Pune",,18/12/2018,12/12/2021,4/12/2018,Science and Technology;Atmospheric Science;Earth Sciences,Earth Sciences;Earth Sciences;Earth Sciences;Earth Sciences,1,https://data.gov.in/files/ogdpv2dms/s3fs-public/datafile/Min_Max_Seasonal_IMD_2017.csv,,text/csv,7866,Annual,Annual,0,1,1,,0,TRUE,"India Meteorological Department (IMD), Pune",1,,"Data values are in degree Celsius.
",/resource/seasonal-and-annual-minmax-temp-series-india-1901-2017,1851,4954,data.gov.in
Daily data of Evapotranspiration of NRSC,Dataset,Daily Data of Evapo-transpiration,Central,"Department of Water Resources, River Development & Ganga Rejuvenation;Ministry of Jal Shakti;National Water Informatics Centre",,4/10/2022,15/6/2025,4/10/2022,Ground Water,,5,https://data.gov.in/files/ogdpv2dms/s3fs-public/datafile/Daily_data_of_Evapotranspiration_of_NRSC_Agency_during_August_2022.csv,https://api.data.gov.in/resource/98c433b1-9c86-40c7-baf4-d4eca5385698?api-key=579b464db66ec23bdd000001cdc3b564546246a772a26393094f5645&offset=0&limit=all&format=csv,text/csv,1846333,Monthly,Monthly,1,1,,,1,TRUE,National Water Informatics Centre,0,7257813,,/resource/daily-data-evapotranspiration-nrsc,1816,3394,data.gov.in
"District wise, Disability wise, Age group wise , Gender wise Unique Disability ID (UDID) data as on 11.06.2024",Dataset,Unique Disability ID (UDID) ,Central,Ministry of Social Justice and Empowerment;Department of Empowerment of Persons with Disabilities,,11/9/2023,11/6/2024,6/9/2023,Social Development,Social Development,1,https://data.gov.in/files/ogd20/ogdpv2dms/s3fs-public/UDIDDATA_0.csv,,application/vnd.ms-excel,3085379,Quarterly,Quarterly,0,1,,,1,TRUE,Department of Empowerment of Persons with Disabilities,0,,"Title of dataset: UDID Card data (www.swavlambancard.gov.in) updated: 11/06/2024.  Department:  (Department of Empowerment of Persons with Disabilities)  File formats Databases: .csv Format   Field Name: 1: State/UT Name(state_name), 2: District (district_name), 3: Disability Name (disability_type_name)  4: Age Group (age_group),    5: Gender: male_count (No of male Count in UDID), 6:Gender Female_count (No of Female Count in UDID), 7: Total Number (total_count)(Male Count ) + (Female count).                                                                                                                                         Department  will update data on quarterly basis. ",/resource/district-wise-disability-wise-age-group-wise-gender-wise-unique-disability-id-udid-data,1799,1603,data.gov.in
All India Consumer Price Index (Rural/Urban) upto May 2023,Dataset,All India Consumer Price Index (Rural/Urban),Central,Ministry of Statistics and Programme Implementation,,18/9/2023,18/9/2023,17/7/2023,Economy;Prices;Finance;Economy;Statistics,,1,https://data.gov.in/files/ogd20/ogdpv2dms/s3fs-public/All_India_Index_Upto_April23.csv,,application/vnd.ms-excel,66022,Monthly,Monthly,0,1,,1,1,TRUE,Ministry of Statistics and Programme Implementation,0,,,/resource/all-india-consumer-price-index-ruralurban-upto-may-2023,1737,1934,data.gov.in
"All India area weighted monthly, seasonal and annual rainfall (in mm) from 1901-2015",Dataset,Rainfall in India,Central,"Ministry of Earth Sciences;India Meteorological Department (IMD);India Meteorological Department (IMD), Pune",,30/3/2017,10/12/2021,2/1/2017,Science and Technology;Atmospheric Science;Earth Sciences,Science and Technology;Atmospheric Science;Earth Sciences,1,https://data.gov.in/files/ogd20/ogdpv2dms/s3fs-public/datafile/rainfall_area-wt_India_1901-2015.csv,,text/csv,14160,Annual,Annual,,1,1,,0,TRUE,"India Meteorological Department (IMD), Pune",1,,Monthly rainfall series contains monthly rainfall data for the period 1901- 2012 from delayed mode computation using all available stations and 2013-2015 from real time data series; NA: Not Available,/resource/all-india-area-weighted-monthly-seasonal-and-annual-rainfall-mm-1901-2015,1733,2023,data.gov.in
Crime Head-wise Police Disposal of IPC Crime Cases during 2021,Dataset,Crime in India - 2021,Central,Ministry of Home Affairs;Department of States;National Crime Records Bureau (NCRB),,18/10/2022,18/10/2022,17/10/2022,Police,Army,1,https://data.gov.in/files/ogd20/ogdpv2dms/s3fs-public/NCRB-2021_Table_17A.1.csv,,text/csv,18547,Annual,Annual,0,1,,1,0,TRUE,National Crime Records Bureau (NCRB),0,0,As per data provided by States/UTs,/resource/crime-head-wise-police-disposal-ipc-crime-cases-during-2021,1683,1629,data.gov.in
"Foreign Tourist Arrivals (FTAs), Arrivals of Non-Resident Indians (NRIs) and International Tourist Arrival (ITAs) from 1981 to 2017",Dataset,India Tourism Statistics,Central,Ministry of Tourism,,28/10/2022,28/10/2022,2/5/2019,Travel and Tourism,,1,https://data.gov.in/files/ogdpv2dms/s3fs-public/datafile/Tourism_In_India_Statistics_2018-Table_2.1.1_1.csv,,text/csv,875,Annual,Annual,0,0,0,5,0,TRUE,Ministry of Tourism,0,,"Source: Bureau of Immigration, Govt. of India; NA: Not Available; Data for '2018' is provisional; Value of 'FTAs in India - Percentage change over previous year' for 2018 is Growth Rate over same period of previous year.
",/resource/foreign-tourist-arrivals-ftas-arrivals-non-resident-indians-nris-and-international-0,1673,1754,data.gov.in
Enrolment by Age and Class (UDISE plus) during 2019-20,Dataset,Enrolment by Age and Class (UDISE plus),Central,Ministry of Education;Department of School Education and Literacy,,13/1/2022,27/1/2022,13/1/2022,Education,Education,1,https://data.gov.in/files/ogd20/ogdpv2dms/s3fs-public/datafile/enrolment_age_2019_20.csv?VersionId=105166644598849,,text/csv,1543548,Annual,Annual,0,1,1,,0,TRUE,Department of School Education and Literacy,1,,,/resource/enrolment-age-and-class-udise-plus-during-2019-20,1656,1125,data.gov.in
Year-wise retail inflation rate based on Consumer Price Index-Combined (CPI-C) from 2017-18 to 2022-23,Dataset,Answers Data of Rajya Sabha Questions for Session 259,Central,Rajya Sabha,,30/5/2023,30/5/2023,29/5/2023,All,Finance,1,https://data.gov.in/files/ogd20/ogdpv2dms/s3fs-public/RS_Session_259_AU_3106.csv,,text/csv,137,Quarterly,Quarterly,0,1,1,,0,TRUE,Rajya Sabha,0,0,"Source - RAJYA SABHA SESSION - 259 UNSTARRED QUESTION No 3106. ANSWERED ON, 28TH MARCH 2023. Data Figures are in Percentage. FY 2022-23 (April-February). Source - MOSPI. Note - Data for February 2023 is provisional.",/resource/year-wise-retail-inflation-rate-based-consumer-price-index-combined-cpi-c-2017-18-2022-23,1643,3102,data.gov.in
GSVA by Economic Activity at Current Prices for Tamil Nadu from 2011-12 to 2016-17 (as on 31.03.2017),Dataset,Gross State Domestic Product at Current Prices,Central,Ministry of Statistics and Programme Implementation,,1/8/2017,1/8/2017,18/7/2017,Finance;Economy;Statistics,,1,https://data.gov.in/files/ogd20/ogdpv2dms/s3fs-public/dataurl18072017/NAD-Tamil_Nadu-GSVA_cur_2016-17.csv,http://data.gov.in/sites/default/files/dataurl18072017/NAD-Tamil_Nadu-GSVA_cur_2016-17.csv,text/csv,2564,Annual,Annual,,1,0,,0,TRUE,Ministry of Statistics and Programme Implementation,1,,Data values are Rs. in lakh.,/resource/gsva-economic-activity-current-prices-tamil-nadu-2011-12-2016-17-31032017,1639,1771,data.gov.in
District-wise Demographic Data of Unorganised Workers registered on eShram as on Previous Day,Dataset,Demographic Data of Unorganised Workers registered on eShram portal,Central,Ministry of Labour and Employment,,21/12/2023,27/6/2025,19/12/2023,Unorganized Sector Workers,Labour and Employment,5,https://data.gov.in/files/ogdpv2dms/s3fs-public/eshram_sample_0.csv,,text/csv,51573,Daily,Daily,1,1,,,1,TRUE,Ministry of Labour and Employment,1,7844104,The data is based on self declaration.,/resource/district-wise-demographic-data-unorganised-workers-registered-eshram-previous-day,1553,595880,data.gov.in
Monthly Crude Oil Processed by Refineries,Dataset,Crude Oil Processed by Refineries,Central,Ministry of Petroleum and Natural Gas;Petroleum Planning & Analysis Cell (PPAC),,14/6/2023,27/6/2025,13/6/2023,Non Renewable,Non Renewable,4,https://data.gov.in/files/ogdpv2dms/s3fs-public/CrudeOilProcessing.csv,https://api.data.gov.in/resource/8d3b6596-b09e-4077-aebf-425193185a5b?api-key=579b464db66ec23bdd000001cdc3b564546246a772a26393094f5645&offset=0&limit=all&format=csv,text/csv,41184,Monthly,Monthly,1,1,,,1,TRUE,Petroleum Planning & Analysis Cell (PPAC),0,7526649,"Source: Oil Companies, Some of the data may be provisional. For reference / details, please visit PPAC website (https://ppac.gov.in/)",/resource/monthly-crude-oil-processed-refineries,1541,2299,data.gov.in
Statistics of Road Accidents in India From 2013 to 2016,Dataset,State/UT wise total no of road accidents,Central,Ministry of Road Transport and Highways,,14/12/2017,14/2/2025,13/12/2017,Transport;Road Transport,Transport;Road Transport;Transport;Road Transport;Transport;Road Transport;Transport;Road Transport,1,https://data.gov.in/files/ogdpv2dms/s3fs-public/datafile/stat-road-ac-2013-2016.csv,,text/csv,4783,Annual,Annual,0,1,1,,0,TRUE,Ministry of Road Transport and Highways,1,,NA: Not Available,/resource/statistics-road-accidents-india-2013-2016,1480,11011,data.gov.in
CBSE Result Statistics Class XII - 2023,Dataset,CBSE Result Statistics Class XII,Central,Ministry of Education;Department of School Education and Literacy;Central Board of Secondary Education (CBSE),,13/6/2023,13/6/2023,13/6/2023,Education,,1,https://data.gov.in/files/ogd20/ogdpv2dms/s3fs-public/class12-2023.csv,,text/csv,1625,Annual,Annual,0,1,,,0,TRUE,Central Board of Secondary Education (CBSE),0,,"Regd.: Registered. Appd.: Appeared, CTSA: Central Tibetan School Administration. JNV: Jawahar Navodaya Vidyalaya. KV: Kendriya Vidyalaya. Data figures are in numbers.",/resource/cbse-result-statistics-class-xii-2023,1449,565,data.gov.in
"District-wise availability of health centres in India as on 31st March, 2017",Dataset,Rural Health Statistics - 2017,Central,Ministry of Health and Family Welfare;Department of Health and Family Welfare,,4/4/2018,12/2/2025,4/4/2018,Health and Family welfare;Family Welfare;Health,Health and Family welfare;Health;Health and Family welfare;Health;Health and Family welfare;Health;Health and Family welfare;Health;Health and Family welfare;Health;Health and Family welfare;Health;Health and Family welfare;Health;Health and Family welfare;Health;Health and Family welfare;Health;Health and Family welfare;Health,1,https://data.gov.in/files/ogdpv2dms/s3fs-public/datafile/District-wise_Health_Care_Infrastructure-2017_1.csv,,text/csv,27285,Annual,Annual,0,1,1,,0,TRUE,Department of Health and Family Welfare,1,,"For Arunachal Pradesh, Out of 588  total 312 Sub Centres are functional in the State; For Tamil Nadu, Out of Total 1835 PHCs 1362 PHCs are functioning in Rural areas, while 473 are in urban areas;  Old name of district Gurugram was Gurgaon;  Old name of district Nuh was Mewat; NA: Not Available",/resource/district-wise-availability-health-centres-india-31st-march-2017,1444,2891,data.gov.in
"Area weighted monthly, seasonal and annual rainfall ( in mm) for 36 meteorological subdivisions from 1901-2015",Dataset,Rainfall in India,Central,"Ministry of Earth Sciences;India Meteorological Department (IMD);India Meteorological Department (IMD), Pune",,30/3/2017,10/12/2021,2/1/2017,Science and Technology;Atmospheric Science;Earth Sciences,Science and Technology;Atmospheric Science;Earth Sciences,1,https://data.gov.in/files/ogd20/ogdpv2dms/s3fs-public/datafile/rainfall_area-wt_sd_1901-2015.csv,,text/csv,528115,Annual,Annual,,1,1,,0,TRUE,"India Meteorological Department (IMD), Pune",1,,Monthly rainfall series contains monthly rainfall data for the period 1901- 2012 from delayed mode computation using all available stations and 2013-2015 from real time data series; NA: Not Available,/resource/area-weighted-monthly-seasonal-and-annual-rainfall-mm-36-meteorological-subdivisions-1901,1380,1782,data.gov.in
Monthly mean maximum & minimum temperature and total rainfall based upon 1901-2000 data,Dataset,Climatology data of Important Cities,Central,"Ministry of Earth Sciences;India Meteorological Department (IMD);India Meteorological Department (IMD), Pune",,30/9/2016,10/12/2021,26/10/2015,Science and Technology;Earth Sciences,Science and Technology;Earth Sciences,1,https://data.gov.in/files/ogd20/ogdpv2dms/s3fs-public/datafile/climate_change_upto_2000_1.csv,,text/csv,62833,Annual,Annual,,1,1,1,0,TRUE,"India Meteorological Department (IMD), Pune",1,,,/resource/monthly-mean-maximum-minimum-temperature-and-total-rainfall-based-upon-1901-2000-data-3,1320,5345,data.gov.in
Monthly Consumption of Petroleum Products,Dataset,Consumption of Petroleum Products,Central,Ministry of Petroleum and Natural Gas;Petroleum Planning & Analysis Cell (PPAC),,19/5/2023,27/6/2025,19/5/2023,Power and Energy,,1,https://data.gov.in/files/ogd20/ogdpv2dms/s3fs-public/productconsumption.csv,,text/csv,23660,Daily,Monthly,1,1,,,1,TRUE,Petroleum Planning & Analysis Cell (PPAC),0,7492382,"i) Part of the data may be provisional. For details kindly refer to PPAC website ( https://ppac.gov.in )ii) The source of information includes Oil Companies, DGCIS & online SEZ data.",/resource/monthly-consumption-petroleum-products,1264,1010,data.gov.in
"State-wise Population, Decadal Population Growth Rate and Population Density - 2011",Dataset,Rural Health Statistics - 2015,Central,Ministry of Health and Family Welfare;Department of Health and Family Welfare,,13/7/2016,10/12/2021,12/7/2016,Health and Family welfare;Family Welfare;Health,Health and Family welfare;Family Welfare;Health,1,https://data.gov.in/files/ogd20/ogdpv2dms/s3fs-public/dataurl12072016/RHS_2015_ch-1_table_2a.csv,http://data.gov.in/sites/default/files/dataurl12072016/RHS_2015_ch-1_table_2a.csv,text/csv,1322,Annual,Annual,,1,0,,0,TRUE,Department of Health and Family Welfare,1,,"For Manipur: Updated population of Manipur as per the order (9/25/2013-CD(Cen.) dtd 07-01-2014) of RGI; For Andhra Pradesh and Telangana: Data collected from the States; NA: Not Available; Source: Population Census of India, Office of the Registrar General & Census Commissioner, India",/resource/state-wise-population-decadal-population-growth-rate-and-population-density-2011,1261,747,data.gov.in
District Wise Total  MSME Registered Manufacturing Enterprises till last date,Dataset,Udyog Aadhaar Memorandum  ( MSME Registration ),Central,"Ministry of Micro, Small and Medium Enterprises",,24/7/2019,7/8/2019,23/7/2019,Medium;Micro;Small Scale,Medium;Micro;Small Scale,1,https://data.gov.in/files/ogdpv2dms/s3fs-public/datafile/uam_msme_total_manufacturing_unit.csv,,text/csv,55955,One-time,Daily,1,1,1,,0,TRUE,"Ministry of Micro, Small and Medium Enterprises",1,6667162,,/resource/district-wise-total-msme-registered-manufacturing-enterprises-till-last-date,1250,2092,data.gov.in
District-wise MGNREGA Data at a Glance ,Dataset,Mahatma Gandhi National Rural Employment Guarantee Act (MGNREGA),Central,Ministry of Rural Development;Department of Rural Development (DRD),,13/9/2023,27/6/2025,11/9/2023,Development,Development,5,https://data.gov.in/files/ogd20/ogdpv2dms/s3fs-public/NREGA.csv,https://api.data.gov.in/resource/ee03643a-ee4c-48c2-ac30-9f2ff26ab722?api-key=579b464db66ec23bdd000001cdc3b564546246a772a26393094f5645&offset=0&limit=all,text/csv,153388,Daily,Daily,1,1,,1,1,TRUE,Department of Rural Development (DRD),1,603001422,,/resource/district-wise-mgnrega-data-glance,1235,1748,data.gov.in
District Level Manufacturing MSME Registered Enterprises under UDYAM Registration till last date,Dataset, UDYAM Registration (MSME Registration),Central,"Ministry of Micro, Small and Medium Enterprises",,1/11/2021,27/6/2025,26/10/2021,Industries;Medium;Micro;Small Scale,Medium;Micro;Small Scale;Medium;Micro;Small Scale;Medium;Micro;Small Scale;Medium;Micro;Small Scale;Medium;Micro;Small Scale,4,https://data.gov.in/files/ogd20/ogdpv2dms/s3fs-public/datafile/district_level_manufacturing_msme.csv?VersionId=105172500356481,https://api.data.gov.in/resource/ae789703-638a-4942-b79e-17868103dec8?api-key=579b464db66ec23bdd000001cdc3b564546246a772a26393094f5645&offset=0&limit=all&format=csv,text/csv,37346,Daily,Daily,1,1,1,11,1,TRUE,"Ministry of Micro, Small and Medium Enterprises",0,7159068,,/resource/district-level-manufacturing-msme-registered-enterprises-under-udyam-registration-till,1181,835,data.gov.in
Indian Sign Language Dictionary till January 2024,Dataset,Indian Sign Language Dictionary,Central,Ministry of Social Justice and Empowerment;Department of Empowerment of Persons with Disabilities,,7/2/2024,18/2/2025,6/2/2024,Disabled,Disabled,1,https://data.gov.in/files/ogdpv2dms/s3fs-public/ISL_Dictionary_words.csv,,application/vnd.ms-excel,2661,Annual,Annual,0,0,,73,0,TRUE,Department of Empowerment of Persons with Disabilities,0,,,/resource/indian-sign-language-dictionary-till-january-2024,1163,680,data.gov.in
"Percentage of households having electricity, Improved source of drinking water, Having access to improved toilet facility, Use clean fuel for cooking - DLHS IV",Dataset,District Level Household and Facility Survey (DLHS-4),Central,Ministry of Health and Family Welfare;Department of Health and Family Welfare,,29/12/2014,9/12/2021,24/12/2014,Health and Family welfare;Family Welfare;Health,Health and Family welfare;Family Welfare;Health,1,https://data.gov.in/files/ogdpv2dms/s3fs-public/Percentage_of_households_DLHS4.csv,https://data.gov.in/sites/default/files/Percentage_of_households_DLHS4.csv,text/csv,12256,Others,Annual,,1,0,,0,TRUE,Department of Health and Family Welfare,1,,NA :Percentage not shown for below 20 cases; The data of 21 states have been provided,/resource/percentage-households-having-electricity-improved-source-drinking-water-having-access,1144,498,data.gov.in
"District Rainfall Normal (in mm) Monthly, Seasonal And Annual : Data Period 1951-2000",Dataset,"District Rainfall Normal (in mm) Monthly, Seasonal And Annual : Data Period 1951-2000",Central,Ministry of Earth Sciences;India Meteorological Department (IMD),,31/5/2013,17/4/2014,31/5/2013,Science and Technology;Atmospheric Science,Science and Technology;Atmospheric Science,1,https://data.gov.in/files/ogd20/ogdpv2dms/s3fs-public/datafile/District_Rainfall_Normal_0.xls,,application/vnd.ms-excel,167936,One-time,Monthly,,1,1,,0,TRUE,India Meteorological Department (IMD),1,,,/resource/district-rainfall-normal-mm-monthly-seasonal-and-annual-data-period-1951-2000,1141,6634,data.gov.in
Location wise daily Ambient Air Quality of Tamil Nadu for the year 2014,Dataset,Historical Daily Ambient Air Quality Data,Central,"Ministry of Environment, Forest and Climate Change;Central Pollution Control Board",,17/10/2016,10/12/2021,6/10/2016,Environment and Forest;Industrial Air Pollution;Residential Air Pollution;Vehicular Air Pollution,Environment and Forest;Industrial Air Pollution;Residential Air Pollution;Vehicular Air Pollution,1,https://data.gov.in/files/ogd20/ogdpv2dms/s3fs-public/dataurl06102016/cpcb_dly_aq_tamil_nadu-2014.csv,http://data.gov.in/sites/default/files/dataurl06102016/cpcb_dly_aq_tamil_nadu-2014.csv,text/csv,433708,Annual,Daily,,1,0,,0,TRUE,Central Pollution Control Board,1,,"Data has been collected from the field instruments, It is likely that the data may display some errors or abnormal values. Any abnormal value may be due to any episode or instrumental error at any particular time; NA: Not Available/Not Applicable; Figures are in micrograms (one-millionth of a gram) per cubic meter.",/resource/location-wise-daily-ambient-air-quality-tamil-nadu-year-2014,1081,198,data.gov.in
"District wise Number of Poultry Farms and Poultry Birds in Farms, 2007  - Tamil Nadu",Dataset,Details of Poultry Farms and Poultry Birds in Farms,Central,"Department of Animal Husbandry and Dairying;Ministry of Fisheries, Animal Husbandry and Dairying",,12/11/2015,12/11/2015,3/11/2015,Agriculture;Animal Husbandry,Agriculture;Animal Husbandry,1,https://data.gov.in/files/ogd20/ogdpv2dms/s3fs-public/datafile/Tamilnadu-Table-12_33_liv_stk_cns_2007_1.csv,http://data.gov.in/sites/default/files/dataurl02112015/TamilNadu-Table12_33_liv_stk_cns_2007.csv,text/csv,4951,Five Yearly,Five Yearly,,1,1,,0,TRUE,"Ministry of Fisheries, Animal Husbandry and Dairying",1,,18th Livestock census. All values are in number.,/resource/district-wise-number-poultry-farms-and-poultry-birds-farms-2007-tamil-nadu,1018,1158,data.gov.in
"Longitudinal Ageing Study in India (LASI), Wave  I, 2017-18",Dataset,Longitudinal Ageing Study in India (LASI),Central,Ministry of Health and Family Welfare;Department of Health and Family Welfare;International Institute for Population Sciences (IIPS),,26/8/2022,26/8/2022,10/5/2022,Health and Family welfare;Health,Health,1,https://data.gov.in/files/ogd20/ogdpv2dms/s3fs-public/LASI_India_State_UT_Factsheet-Final%20Checked%2023.08.22.xls,,application/vnd.ms-excel,107520,Others,Others,0,0,,3,1,TRUE,International Institute for Population Sciences (IIPS),0,,"* Including spouse irrespective of age, - indicates less number of cases/ no cases.This factsheet data is based on LASI state factsheets. This information is based on LASI eligible respondents (45+) ** Sikkim state data collection was carried out in 2020-21, this factsheet was release in 2022.While preparing this datasheet, two indicators from India factsheet - 167 & 168 are omitted to match with state/Uts factsheet indicators for detailed footnote refer to https://www.iipsindia.ac.in/sites/default/files/LASI_India_Factsheet.pdfhttps://www.iipsindia.ac.in/sites/default/files/other_files/LASI-Compendium_of_Factsheets%20_All_States_%26_UTs1.pdf",/resource/longitudinal-ageing-study-india-lasi-wave-i-2017-18,972,436,data.gov.in
State Level Consumer Price Index (Rural/Urban)  upto November 2021,Dataset,State Level Consumer Price Index (Rural/Urban),Central,Ministry of Statistics and Programme Implementation,,25/1/2022,27/1/2022,17/1/2022,Economy;Prices;Finance;Economy;Statistics,,1,https://data.gov.in/files/ogd20/ogdpv2dms/s3fs-public/datafile/Statewise_General_Index_july2019_20Aug2020_dec20_2_2.csv?VersionId=105166644746369,,text/csv,81597,Monthly,Monthly,0,1,1,1,0,TRUE,Ministry of Statistics and Programme Implementation,0,,,/resource/state-level-consumer-price-index-ruralurban-upto-november-2021,937,1941,data.gov.in
Number of Newly Registered Motor Vehicles in 2009-10 and 2010-11 and Number of Registered Motor Vehicles as on 31st March 2010 and as on 31st March 2011 in Tamil Nadu,Dataset,Number of Newly Registered Motor Vehicles and Number of Registered Motor Vehicles in Tamil Nadu,Central,Ministry of Road Transport and Highways,,8/5/2014,1/9/2016,28/4/2014,Transport;Road Transport,Transport;Road Transport,1,https://data.gov.in/files/ogd20/ogdpv2dms/s3fs-public/datafile/2.3.24_Tamil_Nadu_rtyb_2010_11_1.csv,,text/csv,2541,Annual,Annual,,1,1,,0,TRUE,Ministry of Road Transport and Highways,1,,All figures are in numbers; Source: Offices of State Transport Commissioners/UT Administrations; The data has been sourced from Road Transport Year Book-2009-10 & 2010-11.,/resource/number-newly-registered-motor-vehicles-2009-10-and-2010-11-and-number-registered-motor-22,920,344,data.gov.in
State/UT-wise District Score during 2021-22,Dataset,Performance Grading Index (PGI),Central,Ministry of Education;Department of School Education and Literacy,,14/9/2023,14/9/2023,10/9/2023,Education,Army,1,https://data.gov.in/files/ogdpv2dms/s3fs-public/District_PGI_Table_1.csv,,text/csv,43549,,,0,0,,1,0,TRUE,Department of School Education and Literacy,0,0,,/resource/stateut-wise-district-score-during-2021-22,915,442,data.gov.in
Seasonal and Annual Minimum / Maximum Temperature series for the period 1901-2021,Dataset,All India Seasonal and Annual Temperature Series,Central,"Ministry of Earth Sciences;India Meteorological Department (IMD);India Meteorological Department (IMD), Pune",,16/1/2023,16/1/2023,1/8/2022,Science and Technology;Earth Sciences,Earth Sciences,1,https://data.gov.in/files/ogd20/ogdpv2dms/s3fs-public/TEMP_ANNUAL_MIN_MAX_1901-2021.csv,,text/csv,8040,Annual,Annual,0,0,,,1,TRUE,"India Meteorological Department (IMD), Pune",0,,,/resource/seasonal-and-annual-minimum-maximum-temperature-series-period-1901-2021,913,598,data.gov.in
Shape of Watershed Boundaries of India,Dataset,Hydrological Boundaries,Central,"Department of Water Resources, River Development & Ganga Rejuvenation;Ministry of Jal Shakti;National Water Informatics Centre",,28/9/2022,28/9/2022,16/9/2022,Surface Water;Ground Water,Ground Water;Surface Water,2,,https://data.gov.in/files/ogdpv2dms/s3fs-public/dataurl15092022/Watershed.zip,application/zip,,One-time,One-time,0,0,,,1,TRUE,National Water Informatics Centre,0,,"This zip contains the various formats i.e .shp, .shx,.dbf,.prj,.sbn, .cpg,.dbf",/resource/shape-watershed-boundaries-india,912,896,data.gov.in
"Number of Newly Registered Motor Vehicles in 2011-12 and Number of Registered Motor Vehicles as on 31st March, 2012 in Delhi",Dataset,Number of Newly Registered Motor Vehicles and Number of Registered Motor Vehicles in Delhi,Central,Ministry of Road Transport and Highways,,7/5/2014,7/5/2014,13/2/2014,Transport;Road Transport,Transport;Road Transport,1,https://data.gov.in/files/ogd20/ogdpv2dms/s3fs-public/datafile/rtyb_2011_12tab2.2.33_Delhi.csv,,text/csv,2022,Annual,Annual,,1,1,,0,TRUE,Ministry of Road Transport and Highways,1,,All figures are in numbers; Source: Offices of State Transport Commissioners/UT Administrations; NA-Not Reported; The data has been sourced from Road Transport Year Book-2011-12.,/resource/number-newly-registered-motor-vehicles-2011-12-and-number-registered-motor-vehicles-31st-7,901,172,data.gov.in
Total Number of Registered Motor Vehicles in India during 1951-2013,Dataset,Total Number of Registered Motor Vehicles in India,Central,Ministry of Road Transport and Highways,,3/6/2016,10/12/2021,18/5/2016,Transport;Road Transport,Transport;Road Transport,1,https://data.gov.in/files/ogd20/ogdpv2dms/s3fs-public/datafile/Registered_Motor_Vehicles_in_India_1951-2013.csv,,text/csv,2042,Annual,Annual,,1,1,,0,TRUE,Ministry of Road Transport and Highways,1,,"All figures are in thousands; *: Two-wheelers include auto-rickshaws for the years ending 31st March 1959, 1960, 1962, 1963, 1964, 1965, 1967, 1968 and 1969. For the remaining years, auto-rickshaws are included in Others; **: Others include tractors, trailers, three wheelers (passenger vehicles)/LMV and other miscellaneous vehicles which are not classified separately; @: Includes Omni buses since 2001; Totals may not tally due to rounding off of data; Source: Offices of State Transport Commissioners/UT Administration",/resource/total-number-registered-motor-vehicles-india-during-1951-2013,891,6151,data.gov.in
Year-wise Annual frequency of cyclones (34 knots or more) and severe cyclones (48 knots or more) crossing different coastal states of India from 1891 to 2017,Dataset,Yearly and Seasonal Frequency of Cyclones and Depressions,Central,"Ministry of Earth Sciences;India Meteorological Department (IMD);India Meteorological Department (IMD), Pune",,18/12/2018,17/2/2025,4/12/2018,Science and Technology;Atmospheric Science;Earth Sciences,Earth Sciences;Earth Sciences;Earth Sciences,1,https://data.gov.in/files/ogdpv2dms/s3fs-public/datafile/Cyclone_Details_IMD_2017.csv,,text/csv,5631,Annual,Others,0,1,1,,0,TRUE,"India Meteorological Department (IMD), Pune",1,,Source: India Meteorological Department; WB: West Bengal; OD: Odisha; AP: Andhra Pradesh; TN: Tamil Nadu; GJ: Gujarat; MH/GA: Maharashtra & Goa; KK: Karnataka; KR: Kerala.,/resource/year-wise-annual-frequency-cyclones-34-knots-or-more-and-severe-cyclones-48-knots-or-more,881,1300,data.gov.in
Weekly Patent Application Granted,Dataset,Patent Application,Central,Ministry of Commerce and Industry;Department for Promotion of industry and Internal Trade,,3/3/2023,27/6/2025,29/12/2022,Industries,,5,https://data.gov.in/files/ogd20/ogdpv2dms/s3fs-public/datafile/application_details_granted_2019.csv,https://api.data.gov.in/resource/7a444d4c-319a-41e5-a6cc-6b1ff681c7c6?api-key=579b464db66ec23bdd000001cdc3b564546246a772a26393094f5645&offset=0&limit=all&format=csv,text/csv,3623778,Weekly,Weekly,1,1,,4,1,TRUE,Department for Promotion of industry and Internal Trade,0,7412118,,/resource/weekly-patent-application-granted,868,458,data.gov.in
"Monthly, Seasonal and Annual Mean Temperature Series for the period 1901-2021",Dataset,All India Seasonal and Annual Temperature Series,Central,"Ministry of Earth Sciences;India Meteorological Department (IMD);India Meteorological Department (IMD), Pune",,16/1/2023,16/1/2023,1/8/2022,Science and Technology;Earth Sciences,Earth Sciences,1,https://data.gov.in/files/ogd20/ogdpv2dms/s3fs-public/TEMP_ANNUAL_MEAN_1901-2021.csv,,text/csv,13423,Annual,Annual,0,0,,1,1,TRUE,"India Meteorological Department (IMD), Pune",0,,,/resource/monthly-seasonal-and-annual-mean-temperature-series-period-1901-2021,866,651,data.gov.in
Eight Core Industries (Base Year 2011-12) till last financial year,Dataset,Eight Core Industries,Central,Ministry of Commerce and Industry;Department for Promotion of industry and Internal Trade;Office of the Economic Adviser,,21/9/2017,27/6/2025,14/9/2017,Industries;Manufacturing,Industries;Manufacturing,4,https://data.gov.in/files/ogdpv2dms/s3fs-public/dataurl30082017/EightCoreData_yearly.csv,https://api.data.gov.in/resource/7b054340-590c-4135-8797-71a160d0d240?api-key=579b464db66ec23bdd000001cdc3b564546246a772a26393094f5645&offset=0&limit=all&format=csv,text/csv,3167,Annual,Annual,1,1,1,,0,TRUE,Office of the Economic Adviser,1,4260981,"Since October, 2016, Electricity generation data from Renewable sources is also included; NA: Not Applicable/Available",/resource/eight-core-industries-base-year-2011-12-till-last-financial-year,866,814,data.gov.in
List of all Startups from Meity Startup Hub ,Dataset,Startup Hub,Central,Ministry of Electronics and Information Technology (MeitY),,23/11/2021,27/1/2022,9/11/2021,Information and Communications;Information and Technology,Information and Broadcasting;Information and Technology;Information and Broadcasting;Information and Technology;Information and Broadcasting;Information and Technology;Information and Broadcasting;Information and Technology;Information and Broadcasting;Information and Technology;Information and Broadcasting;Information and Technology;Information and Broadcasting;Information and Technology;Information and Broadcasting;Information and Technology,1,https://data.gov.in/files/ogd20/ogdpv2dms/s3fs-public/datafile/Listofstartups.csv?VersionId=105172390599553,,text/csv,95723,Biannual,Annual,0,1,1,4,0,TRUE,Ministry of Electronics and Information Technology (MeitY),0,,"India is home to one of the most vibrant startup ecosystems with close to 8000 tech startups, making it the 2nd largest startup ecosystem in the world. Hence, innovation and entrepreneurship is the emerging focus area that is being aggressively promoted to give fillip to the Indian economy. Ministry of Electronics & Information Technology, Government of India is leading and facilitating a gamut of Innovation and IPR related activities across the country towards expansion of this ecosystem. In order to facilitate MeitY vision of promoting technology innovation, startups and creation of Intellectual Properties, a nodal entity called MeitY Startup Hub has been setup under its aegis. MSH will act as a national coordination, facilitation and monitoring center that will integrate all the incubation centers, startups and innovation related activities of MeitY.",/resource/list-all-startups-meity-startup-hub,861,509,data.gov.in
List of MSME Registered Units under Udyog Aadhaar Memorandum - Maharashtra,Dataset,List of MSME Registered Units  under Udyog Aadhaar Memorandum till last date,Central,"Ministry of Micro, Small and Medium Enterprises",,21/11/2019,2/1/2020,19/11/2019,Medium;Micro;Small Scale,Medium;Micro;Small Scale,2,,https://api.data.gov.in/catalog/2c895ab9-8042-4653-bfeb-7dc71281fd57?api-key=579b464db66ec23bdd000001cdd3946e44ce4aad7209ff7b23ac571b&format=json&offset=0&limit=10&filters[State]=MAHARASHTRA,application/json,11698,Daily,Daily,1,0,0,52,1,FALSE,"Ministry of Micro, Small and Medium Enterprises",1,6714764,"Dataset can be downloaded in csv format by using the provided URL and passing appropriate parameter options such as:- api-Key: Generate your personal API key (sample key returns maximum of 10 records at a time) and use that key to consume more than 10 records at a time (Example: api-key=Your API Key); format: Fill format as 'csv' to download the dataset in csv format (Example: format=csv); offset: User can download the dataset from 1st record onwards by setting offset (Example: offset=0), If user wants to download more records than the limit set then they can use the previously set limit as the new offset; limit: User can download maximum of 10000 records in one go (Example: limit=10000).",/resource/list-msme-registered-units-under-udyog-aadhaar-memorandum-maharashtra,843,1790,data.gov.in
Imports of Major Chemical - Product-wise / Group-wise from 2014-15 to 2021-22,Dataset,Import of Major Chemicals - Product-wise / Group-wise,Central,Ministry of Chemicals and Fertilizers;Department of Chemicals and Petrochemicals,,24/1/2023,24/1/2023,24/1/2023,Industries;Chemicals and Petrochemicals,,1,https://data.gov.in/files/ogd20/ogdpv2dms/s3fs-public/Imports_of_Major_Chemicals_Product_Wise_or_Group_Wise_2014-15_to_2021-22.csv,,text/csv,7692,Annual,Annual,0,1,,,0,TRUE,Department of Chemicals and Petrochemicals,0,,"Data Figure Quantity in MT and Values in Rs Lakh. Data source in respect of Imports of Chemicals is Directorate General of Commercial Intelligence and Statistics (DGCIS), Kolkata. Product - It includes those chemical products which are being monitored by S&M Division of D/o Chemicals & Petrochemicals.",/resource/imports-major-chemical-product-wise-group-wise-2014-15-2021-22,841,437,data.gov.in
Subdivision wise Rainfall and its departure from 1901 to 2015,Dataset,Rainfall in India,Central,"Ministry of Earth Sciences;India Meteorological Department (IMD);India Meteorological Department (IMD), Pune",,18/12/2017,10/12/2021,13/11/2017,Science and Technology;Atmospheric Science;Earth Sciences,Science and Technology;Atmospheric Science;Earth Sciences,1,https://data.gov.in/files/ogd20/ogdpv2dms/s3fs-public/datafile/sub-division_rainfall_act_dep_1901-2015.csv,,text/csv,1388437,Annual,Annual,0,1,1,,0,TRUE,"India Meteorological Department (IMD), Pune",1,,"Figures of  Actual, Percentage departure, Mean and Standard deviation are in mm; NA: Not Applicable/Not Available.",/resource/subdivision-wise-rainfall-and-its-departure-1901-2015,836,6133,data.gov.in
Daily Rainfall data from India Meteorological Department (IMD GRID MODEL) Agency during July 2023,Dataset,Rainfall,Central,"Department of Water Resources, River Development & Ganga Rejuvenation;Ministry of Jal Shakti;National Water Informatics Centre",,25/7/2023,6/12/2023,25/7/2023,Water Resources,,1,https://data.gov.in/files/ogd20/ogdpv2dms/s3fs-public/datafile/Daily_Rainfall_data_from_India_Meteorological_Department_Agency_during_July_2023.csv,,text/csv,1358234,Daily,Daily,1,1,,2,1,TRUE,National Water Informatics Centre,0,7210754,Average rainfall in millimetre (MM),/resource/daily-rainfall-data-india-meteorological-department-imd-grid-model-agency-during-july-2023,826,2178,data.gov.in
Elephant Population from 1993 to 2017,Dataset,Elephant Reserve and Population Status,Central,"Ministry of Environment, Forest and Climate Change",,15/6/2023,15/6/2023,13/6/2023,Environment and Forest,,1,https://data.gov.in/files/ogd20/ogdpv2dms/s3fs-public/Elephantpopulation1993to2017.csv,,text/csv,1794,Five Yearly,,0,0,,2,0,TRUE,"Ministry of Environment, Forest and Climate Change",0,,,/resource/elephant-population-1993-2017,811,721,data.gov.in
Web Map Service from  362 OSM Topo Sheets  of  Survey of India and Panchromatic imagery of Bhuvan  in Andhra Pradesh,Dataset,Web Map Service (WMS) from Survey of India OSM Data and Bhuvan for Andhra Pradesh,Central,"Ministry of Science and Technology;Department of Science and Technology (DST);NSDI India GEO Portal, National Spatial Data Infrastructure (NSDI)",,13/3/2014,10/12/2021,13/3/2014,All;Agriculture;Water and Sanitation;Information and Communications;Defence;Environment and Forest;Water Resources;Governance and Administration;Infrastructure;Social Development;Transport;Travel and Tourism,All;Agriculture;Water and Sanitation;Information and Communications;Defence;Environment and Forest;Water Resources;Governance and Administration;Infrastructure;Social Development;Transport;Travel and Tourism,2,,https://nsdiindia.gov.in/nsdi-portal/AccessControl?data=Bhuvan-Andhra,WMS,0,Daily,Daily,,0,0,30,0,FALSE,"NSDI India GEO Portal, National Spatial Data Infrastructure (NSDI)",1,6622464,,/resource/web-map-service-362-osm-topo-sheets-survey-india-and-panchromatic-imagery-bhuvan-andhra,808,2178,data.gov.in
"Inbound Tourism Foreign Tourist Arrivals, Arrivals of Non-Resident Indians and International Tourist Arrivals 1981-2020",Dataset,India Tourism Statistics,Central,Ministry of Tourism,,26/7/2022,26/7/2022,10/5/2022,Travel and Tourism,,1,https://data.gov.in/files/ogd20/ogdpv2dms/s3fs-public/India-Tourism-Statistics-2021-Table-2.1.1.csv,,text/csv,996,Annual,Annual,0,1,1,,0,TRUE,Ministry of Tourism,0,,"Source - Bureau of Immigration, GOI, NA - Not Available.",/resource/inbound-tourism-foreign-tourist-arrivals-arrivals-non-resident-indians-and-international,807,649,data.gov.in
State Level Consumer Price Index (Rural/Urban) upto May 2023,Dataset,State Level Consumer Price Index (Rural/Urban),Central,Ministry of Statistics and Programme Implementation,,18/9/2023,18/9/2023,17/7/2023,Economy;Prices;Finance;Economy;Statistics,,1,https://data.gov.in/files/ogd20/ogdpv2dms/s3fs-public/Statewise_General_Index_Upto_April23.csv,,application/vnd.ms-excel,93919,Monthly,Monthly,0,1,,2,1,TRUE,Ministry of Statistics and Programme Implementation,0,,,/resource/state-level-consumer-price-index-ruralurban-upto-may-2023,799,860,data.gov.in
Delivery Post office Pincode Boundary,Dataset,All India Pincode Boundary Geo JSON,Central,Ministry of Communications;Department of Posts,,9/5/2025,3/6/2025,9/5/2025,All,,2,,https://data.gov.in/files/ogdpv2dms/s3fs-public/dataurl02052025/All_India_pincode_Boundary-19312.geojson,application/geo+json,,Half yearly,Half yearly,0,0,,,1,TRUE,Department of Posts,0,,,/resource/delivery-post-office-pincode-boundary,798,245,data.gov.in
District-wise Tele-Law Case Registration and Advice Enabled Data from FY 2021-22 to 2022-23,Dataset,Tele-Law Program under Designing Innovative Solution for Holistic Access to Justice (DISHA),Central,Ministry of Law and Justice;Department of Justice,,24/2/2023,24/2/2023,24/2/2023,Judiciary,,1,https://data.gov.in/files/ogd20/ogdpv2dms/s3fs-public/TeleLawData20222023.csv,,application/vnd.ms-excel,59081,Annual,Annual,0,0,,7,0,TRUE,Department of Justice,0,,Data is upto 31st January 2023 for the FY 2022-23.,/resource/district-wise-tele-law-case-registration-and-advice-enabled-data-fy-2021-22-2022-23,776,894,data.gov.in
State/UT-wise Details of the Rainfall Observed During the Monsoon Season from 2020 to 2022,Dataset,Answers Data of Rajya Sabha Questions for Session 260,Central,Rajya Sabha,,23/1/2024,23/1/2024,18/1/2024,All,Science and Technology,1,https://data.gov.in/files/ogd20/ogdpv2dms/s3fs-public/RS_Session_260_AU_25_B.csv,,text/csv,2174,Quarterly,Quarterly,0,0,,9,0,TRUE,Rajya Sabha,0,0,"Source - RAJYA SABHA SESSION - 260 UNSTARRED QUESTION No 25. ANSWERED ON, 20TH JULY 2023. HRF - Heavy Rainfall. VHRF - Very Heavy Rainfall. EHRF - Extremely Heavy Rainfall. UT - Union Territory.",/resource/stateut-wise-details-rainfall-observed-during-monsoon-season-2020-2022,774,863,data.gov.in
Eight Core Industries (Base Year 2011-12) till last month,Dataset,Eight Core Industries,Central,Ministry of Commerce and Industry;Department for Promotion of industry and Internal Trade;Office of the Economic Adviser,,21/9/2017,27/6/2025,14/9/2017,Industries;Manufacturing,Industries;Manufacturing,4,https://data.gov.in/files/ogdpv2dms/s3fs-public/dataurl30082017/EightCoreData.csv,https://api.data.gov.in/resource/cc473f03-4db1-4c34-949e-481bdb3da490?api-key=579b464db66ec23bdd000001cdc3b564546246a772a26393094f5645&offset=0&limit=all&format=csv,text/csv,20087,Monthly,Monthly,1,1,1,2,0,TRUE,Office of the Economic Adviser,1,3630481,"Data of latest month is provisional. Revision has been made based on revised data received for corresponding month of previous year in respect of Coal, Crude Oil, Refinery Products, Fertilizer, Steel, Cement and Electricity. Accordingly, indices for the month of previous year have been revised.; Since October, 2016, Electricity generation data from Renewable sources is also included; NA: Not Applicable/Available",/resource/eight-core-industries-base-year-2011-12-till-last-month,770,753,data.gov.in
State/UT-wise Number of UDID Card Generated as on 28.07.2021,Dataset,Answers Data of Rajya Sabha Questions for Session 254,Central,Rajya Sabha,,30/3/2022,30/3/2022,25/3/2022,All,Social Development,1,https://data.gov.in/files/ogd20/ogdpv2dms/s3fs-public/RS_Session_254_AU_1917.csv,,text/csv,840,Quarterly,Others,0,1,1,,0,TRUE,Rajya Sabha,0,0,Source: RAJYA SABHA SESSION - 254 UNSTARRED QUESTION No 1917.,/resource/stateut-wise-number-udid-card-generated-28072021,766,474,data.gov.in
State-wise Details of Youth Hostels - 2023,Dataset,Youth Hostel Scheme,Central,Ministry of Youth Affairs and Sports;Department of Youth Affairs,,28/6/2023,14/2/2025,30/5/2023,Youth and Sports,Youth and Sports,1,https://data.gov.in/files/ogdpv2dms/s3fs-public/youth-hostel.csv,,text/csv,8425,Annual,Annual,0,0,,3,0,TRUE,Department of Youth Affairs,0,,okk added,/resource/state-wise-details-youth-hostels-2023,760,851,data.gov.in
Import & Export of Petroleum Products - Volumes for Year - 2022-23,Dataset,Import & Export of Petroleum Products,Central,Ministry of Petroleum and Natural Gas;Petroleum Planning & Analysis Cell (PPAC),,27/4/2023,27/4/2023,27/4/2023,Non Renewable,,1,https://data.gov.in/files/ogd20/ogdpv2dms/s3fs-public/importexport202223_0.csv,,text/csv,1996,Monthly,Monthly,0,1,1,,0,TRUE,Petroleum Planning & Analysis Cell (PPAC),0,,"Source: Oil Companies & DGCIS , All Figures are provisionalNotes:RIL SEZ imports/exports included in country's import/export data^LNG import not included& Others in import include Paraffin wax, Petroleum Jelly, Aviation Gas, MTBE, Reformate etc.@ Nepal sales by IOCL, Nepal and Bhutan sales by BPCL are considered in total exports with average Rupee-US$ exchange rate! RIL SEZ's MS export includes export of Alkylates# ATF exports by RIL does not include ATF sales to foreign going airlines% Others in export include Benzene, Hexane, MTO, Sulphur etc. Import & Export Quantity in '000 Metric Tonnes.",/resource/import-export-petroleum-products-volumes-year-2022-23,755,783,data.gov.in
Quarterly Estimates of GDP at Constant (2011-12) Prices from 2011-12 to 2022-23,Dataset,Quarterly Estimates of GDP at Constant Prices,Central,Ministry of Statistics and Programme Implementation,,5/4/2022,9/6/2022,4/4/2022,Finance;Economy;Statistics,Macro Economy,1,https://data.gov.in/files/ogd20/ogdpv2dms/s3fs-public/GDP_QE_Constant_2011-12_Prices.csv,,text/csv,20034,Quarterly,Quarterly,0,1,,,1,TRUE,Ministry of Statistics and Programme Implementation,0,,,/resource/quarterly-estimates-gdp-constant-2011-12-prices-2011-12-2022-23,747,783,data.gov.in
State/UT-wise Number of Indian Penal Code (IPC) Crimes from 2020 to 2022,Dataset,Crime in India - 2022,Central,Ministry of Home Affairs;Department of States;National Crime Records Bureau (NCRB),,12/4/2024,2/6/2025,10/4/2024,Police,Army,1,https://data.gov.in/files/ogdpv2dms/s3fs-public/NCRB_Table_1A.1.csv,,text/csv,2077,Annual,Annual,0,1,,,0,TRUE,National Crime Records Bureau (NCRB),0,0,"Crime Rate is calculated as Crime per one lakh of population. Population Source - Report of Technical group on Population Projections(July, 2020) National Commission on Population, MoHFW. As per data provided by States/Uts. Clarifications are pending from Nagaland. States/UTs may not be compared purely on the basis of crime figures.",/resource/stateut-wise-number-indian-penal-code-ipc-crimes-2020-2022,732,325,data.gov.in
List of MSME Registered Units under Udyog Aadhaar Memorandum - Andhra Pradesh,Dataset,List of MSME Registered Units  under Udyog Aadhaar Memorandum till last date,Central,"Ministry of Micro, Small and Medium Enterprises",,21/11/2019,2/1/2020,19/11/2019,Medium;Micro;Small Scale,Medium;Micro;Small Scale,2,,https://api.data.gov.in/catalog/2c895ab9-8042-4653-bfeb-7dc71281fd57?api-key=579b464db66ec23bdd000001cdd3946e44ce4aad7209ff7b23ac571b&format=json&offset=0&limit=10&filters[State]=ANDHRA%20PRADESH,application/json,11686,Daily,Daily,1,0,0,19,1,FALSE,"Ministry of Micro, Small and Medium Enterprises",1,6714764,"Dataset can be downloaded in csv format by using the provided URL and passing appropriate parameter options such as:- api-Key: Generate your personal API key (sample key returns maximum of 10 records at a time) and use that key to consume more than 10 records at a time (Example: api-key=Your API Key); format: Fill format as 'csv' to download the dataset in csv format (Example: format=csv); offset: User can download the dataset from 1st record onwards by setting offset (Example: offset=0), If user wants to download more records than the limit set then they can use the previously set limit as the new offset; limit: User can download maximum of 10000 records in one go (Example: limit=10000).",/resource/list-msme-registered-units-under-udyog-aadhaar-memorandum-andhra-pradesh,727,1407,data.gov.in
Rainfall in NE India and its departure from normal for Monsoon session from 1901-2021,Dataset,Departure of Rainfall data,Central,"Ministry of Earth Sciences;India Meteorological Department (IMD);India Meteorological Department (IMD), Pune",,16/1/2023,16/1/2023,1/8/2022,Science and Technology;Earth Sciences,Earth Sciences,1,https://data.gov.in/files/ogd20/ogdpv2dms/s3fs-public/RF_NE_1901-2021.csv,,text/csv,4363,Annual,Annual,0,0,,3,1,TRUE,"India Meteorological Department (IMD), Pune",0,,,/resource/rainfall-ne-india-and-its-departure-normal-monsoon-session-1901-2021,710,508,data.gov.in
Digital Seismotectonic Atlas of India and its Environs,Dataset,BHUKOSH,Central,Ministry of Mines;Geological Survey of India,,12/5/2022,12/5/2022,9/5/2022,Governance and Administration;Union/State Government Administration;Union/State Government Administration;Mining;Mining;Coastal & Island;Earth Sciences;Marine Science;Polar Science;Research & Development,Earth Sciences,2,,https://bhukosh.gsi.gov.in/arcgis/services/Seismotectonic/Seismotectonic/MapServer/WMSServer?request=GetCapabilities&service=WMS,WMS,,One-time,One-time,1,0,,5,1,TRUE,Geological Survey of India,0,7073635,,/resource/digital-seismotectonic-atlas-india-and-its-environs-0,702,902,data.gov.in
Disclosed Ground Water Level Data under Atal Bhujal Yojana from 2015 to 2022,Dataset,Ground Water Level Data under Atal Bhujal Yojana,Central,"Department of Water Resources, River Development & Ganga Rejuvenation;Ministry of Jal Shakti",,31/5/2023,31/5/2023,30/5/2023,Ground Water,,1,https://data.gov.in/files/ogd20/ogdpv2dms/s3fs-public/Atal_Jal_Disclosed_Ground_Water_Level-2015-2022.csv,,text/csv,1162976,Biannual,Biannual,0,0,,5,0,TRUE,Ministry of Jal Shakti,0,,,/resource/disclosed-ground-water-level-data-under-atal-bhujal-yojana-2015-2022,680,153,data.gov.in
Digital Seismotectonic Atlas of India and its Environs,Dataset,Digital Seismotectonic Atlas of India and its Environs,Central,Ministry of Mines;Geological Survey of India,,8/8/2013,12/8/2021,8/8/2013,Mining;Others,Mining;Others,2,,https://bhukosh.gsi.gov.in/arcgis/services/Seismotectonic/Seismotectonic/MapServer/WMSServer?request=GetCapabilities&service=WMS,WMS,163,One-time,One-time,0,0,0,59,0,FALSE,Geological Survey of India,1,,Seismotectonic Atlas of India and its Environs on scale 1:1 million published in 2000,/resource/digital-seismotectonic-atlas-india-and-its-environs,676,1553,data.gov.in
Number of Newly Registered Motor Vehicles in 2009-10 and 2010-11 and Number of Registered Motor Vehicles as on 31st March 2010 and as on 31st March 2011 in Uttar Pradesh,Dataset,Number of Newly Registered Motor Vehicles and Number of Registered Motor Vehicles in Uttar Pradesh,Central,Ministry of Road Transport and Highways,,8/5/2014,1/9/2016,28/4/2014,Transport;Road Transport,Transport;Road Transport,1,https://data.gov.in/files/ogd20/ogdpv2dms/s3fs-public/datafile/2.3.27_Uttarpradesh_rtyb_2010_11_1.csv,,text/csv,2516,Annual,Annual,,1,1,,0,TRUE,Ministry of Road Transport and Highways,1,,All figures are in numbers; Source: Offices of State Transport Commissioners/UT Administrations; NA-Not Reported; The data has been sourced from Road Transport Year Book-2009-10 & 2010-11.,/resource/number-newly-registered-motor-vehicles-2009-10-and-2010-11-and-number-registered-motor-25,675,305,data.gov.in
"Quarterly Estimates of GDP at Current Prices, 2011-12 Series From 2011-12 to 2022-23",Dataset,Quarterly Estimates of GDP at Current Prices,Central,Ministry of Statistics and Programme Implementation,,5/4/2022,2/6/2025,4/4/2022,Economy;Macro Economy;Finance;Economy,Macro Economy,1,https://data.gov.in/files/ogdpv2dms/s3fs-public/GDP_QE_Current_Prices_2011-12_Series.csv,,text/csv,20283,Quarterly,Quarterly,0,1,,1,1,TRUE,Ministry of Statistics and Programme Implementation,1,,,/resource/quarterly-estimates-gdp-current-prices-2011-12-series-2011-12-2022-23,670,817,data.gov.in
Boundaries of Agro-climatic regions,Dataset,Boundaries of Region,Central,"Department of Water Resources, River Development & Ganga Rejuvenation;Ministry of Jal Shakti;National Water Informatics Centre",,28/9/2022,28/9/2022,16/9/2022,Ground Water;Surface Water,Ground Water;Surface Water,2,,https://data.gov.in/files/ogdpv2dms/s3fs-public/dataurl15092022/Agroclimatic_regions.zip,application/zip,,One-time,One-time,0,0,,,1,TRUE,National Water Informatics Centre,0,,"This zip contains the various formats i.e .shp, .shx,.dbf,.prj,.sbn, .cpg,.dbf, This zip contains all the information of all agro-climatic regions of entire country",/resource/boundaries-agro-climatic-regions,663,769,data.gov.in
"State-wise Population, Decadal Population Growth rate and Population Density - 2011",Dataset,Rural Health Statistics - 2016,Central,Ministry of Health and Family Welfare;Department of Health and Family Welfare,,28/3/2017,10/12/2021,10/2/2017,Health and Family welfare;Family Welfare;Health,Health and Family welfare;Family Welfare;Health,1,https://data.gov.in/files/ogd20/ogdpv2dms/s3fs-public/datafile/Table_2A_State_Uts.csv,,text/csv,1506,Annual,Annual,,1,1,,0,TRUE,Department of Health and Family Welfare,1,,"For Manipur: Updated population of Manipur as per the order (9/25/2013-CD(Cen.) dtd 07-01-2014) of RGI; For Andhra Pradesh and Telangana: Data collected from the states; Source: Population Census of india, 2011; office of Registrar General & Census Commissioner, India",/resource/state-wise-population-decadal-population-growth-rate-and-population-density-2011-0,658,3956,data.gov.in
"State-wise Details of the Infant Mortality Rate, Institutional Delivery and Prevalence of Under Weight Children under five years of Age (in Reply to Unstarred Question on 07 December, 2022)",Dataset,Answers Data of Rajya Sabha Questions for Session 258,Central,Rajya Sabha,,19/5/2023,19/5/2023,17/5/2023,All,Social Development,1,https://data.gov.in/files/ogd20/ogdpv2dms/s3fs-public/RS_Session_258_AU_142_A_and_B.iii_.csv,,text/csv,745,Quarterly,Quarterly,0,1,,,0,TRUE,Rajya Sabha,0,0,"Source - Rajya Sabha Session - 258 Unstarred Question No. 142 Answered on 07 December, 2022. NA - Not Available. Source - National Family Health Survey-5 (2019-21). Data of West Bengal for Infant Mortality Rate - ST is based on 250-499 unweighted person-years of exposure to the risk of death.",/resource/state-wise-details-infant-mortality-rate-institutional-delivery-and-prevalence-under,657,2206,data.gov.in
Sector wise Estimated Number of Workers under Fourth Round of Quarterly Employment Survey from Jan to March 2022,Dataset,Quarterly Employment Survey (QES),Central,Ministry of Labour and Employment,,25/3/2023,18/2/2025,20/3/2023,Employment,,1,https://data.gov.in/files/ogdpv2dms/s3fs-public/QES.csv,,text/csv,296,Quarterly,Quarterly,0,1,,3,0,TRUE,Ministry of Labour and Employment,0,,,/resource/sector-wise-estimated-number-workers-under-fourth-round-quarterly-employment-survey-jan,644,486,data.gov.in
Shape file of reservoir,Dataset,Boundaries of Water Resources Projects,Central,"Department of Water Resources, River Development & Ganga Rejuvenation;Ministry of Jal Shakti;National Water Informatics Centre",,28/9/2022,28/9/2022,16/9/2022,Ground Water;Surface Water,Ground Water;Surface Water,2,,https://data.gov.in/files/ogdpv2dms/s3fs-public/dataurl15092022/Reservoir.zip,application/zip,,One-time,One-time,0,0,,,1,TRUE,National Water Informatics Centre,0,,"This zip contains the various formats i.e .shp, .shx,.dbf,.prj,.sbn, .cpg,.dbf. This zip contains the information of all major and minor reservoir of entire country. This is a point layer",/resource/shape-file-reservoir,640,568,data.gov.in