,Access Rights,Accrual Periodicity,Alternative Title/Abstract,Contributor,Coverage,Creator,Date Created,Date Issued,Date Modified,Depiction,Description,Format,Has Part,High Value Dataset Category,Identifier,Is Part Of,Is Referenced By,Is Replaced By,Is Version Of,Jurisdiction,Language,License,Note,Publisher,Relation,Rights,Rights Statement,Source,Spatial Coverage,Subject,Temporal Coverage,Title,Type,unmapped_api_request_count,unmapped_catalog_title,unmapped_external_api_reference,unmapped_field_resource_type,unmapped_field_show_export,unmapped_is_api_available,unmapped_is_rated,unmapped_is_visualized,unmapped_odgp_view_count,unmapped_ogdp_download_count
0,,Daily,,Directorate of Marketing and Inspection (DMI),Daily,Directorate of Marketing and Inspection (DMI),21/5/2024,2/6/2024,27/6/2025,,,text/csv,,1,data.gov.in/resource/variety-wise-daily-market-prices-data-commodity,,,,,Central,,,nan,Ministry of Agriculture and Farmers Welfare;Department of Agriculture and Farmers Welfare;Directorate of Marketing and Inspection (DMI) | Directorate of Marketing and Inspection (DMI),1.0,,,,data.gov.in,Agriculture;Agricultural Marketing,,Variety-wise Daily Market Prices Data of Commodity,Dataset,nan,Current daily price of various commodities from various markets (Mandi),6622308.0,5,True,1,1,nan,,394032
1,,Daily,,Department of Agriculture and Farmers Welfare,Daily,Department of Agriculture and Farmers Welfare,12/7/2024,12/7/2024,27/6/2025,,,text/json,,1,data.gov.in/resource/kisan-call-centre-kcc-transcripts-farmers-queries-answers,,,,,Central,,,nan,Ministry of Agriculture and Farmers Welfare;Department of Agriculture and Farmers Welfare | Department of Agriculture and Farmers Welfare,1.0,,,,data.gov.in,Agriculture,,Kisan Call Centre (KCC) - Transcripts of farmers queries & answers,Dataset,nan,District wise and month wise queries of farmers in Kisan Call Centre (KCC) ,6622307.0,5,True,1,1,nan,,219561
2,,Monthly,,Department of Posts,Monthly,Department of Posts,4/12/2020,4/12/2020,27/6/2025,,,text/csv,,0,data.gov.in/resource/all-india-pincode-directory-till-last-month,,,,,Central,,,Data will be updated on monthly basis.,Ministry of Communications;Department of Posts | Department of Posts,1.0,,,,data.gov.in,Information and Communications;Post | Post,,All India Pincode Directory till last month,Dataset,9.0,All India Pincode Directory (Through WebService),6818292.0,4,True,1,1,0.0,,105072
3,,Monthly,,Ministry of Corporate Affairs,Monthly,Ministry of Corporate Affairs,15/9/2015,24/4/2024,27/6/2025,,,text/csv,,1,data.gov.in/resource/registrars-companies-roc-wise-company-master-data,,,,,Central,,,Figures Authorized Capital and Paid up Capital are in INR; NA: Not Available The data upto 3rd November 2023.,Ministry of Corporate Affairs | Ministry of Corporate Affairs,1.0,,,,data.gov.in,Commerce;Companies | Commerce;Companies,,Registrars of Companies (RoC)-wise Company Master Data,Dataset,nan,Company Master Data,603037492.0,5,True,1,1,1.0,,39682
4,,Daily,,Directorate of Marketing and Inspection (DMI),Daily,Directorate of Marketing and Inspection (DMI),23/5/2013,23/5/2013,27/6/2025,,,text/csv,,1,data.gov.in/resource/current-daily-price-various-commodities-various-markets-mandi,,,,,Central,,,nan,Ministry of Agriculture and Farmers Welfare;Department of Agriculture and Farmers Welfare;Directorate of Marketing and Inspection (DMI) | Directorate of Marketing and Inspection (DMI),nan,,,,data.gov.in,Agriculture;Agricultural Marketing | Agriculture;Agricultural Marketing,,Current Daily Price of Various Commodities from Various Markets (Mandi),Dataset,2.0,Current daily price of various commodities from various markets (Mandi),3670701.0,4,True,1,1,1.0,,37549
5,,Daily,,"Ministry of Micro, Small and Medium Enterprises",Daily,"Ministry of Micro, Small and Medium Enterprises",22/5/2024,29/5/2024,27/6/2025,,,text/csv,,1,data.gov.in/resource/list-msme-registered-units-under-udyam,,,,,Central,,,nan,"Ministry of Micro, Small and Medium Enterprises | Ministry of Micro, Small and Medium Enterprises",1.0,,,,data.gov.in,Industries;Medium;Micro;Small Scale,,List of MSME Registered Units under UDYAM,Dataset,nan, UDYAM Registration (MSME Registration),6878785.0,5,True,1,1,nan,,22700
6,,Monthly,,Department of Health and Family Welfare,Monthly,Department of Health and Family Welfare,11/3/2020,18/3/2020,12/2/2025,,,text/csv,,0,data.gov.in/resource/health-indicator-wise-monthly-datasets-sub-district-level-hmis,,,,,Central,,,NA: Not Available/Not Applicable; The data is as reported by health facilities of respective States/UTs of India.,Ministry of Health and Family Welfare;Department of Health and Family Welfare | Department of Health and Family Welfare,1.0,,,,data.gov.in,Health and Family welfare;Family Welfare;Health | Health and Family welfare;Family Welfare;Health;Health and Family welfare;Family Welfare;Health;Health and Family welfare;Family Welfare;Health;Health and Family welfare;Family Welfare;Health;Health and Family welfare;Family Welfare;Health;Health and Family welfare;Family Welfare;Health;Health and Family welfare;Family Welfare;Health;Health and Family welfare;Family Welfare;Health;Health and Family welfare;Family Welfare;Health;Health and Family welfare;Family Welfare;Health;Health and Family welfare;Family Welfare;Health;Health and Family welfare;Family Welfare;Health;Health and Family welfare;Family Welfare;Health;Health and Family welfare;Family Welfare;Health;Health and Family welfare;Family Welfare;Health;Health and Family welfare;Family Welfare;Health;Health and Family welfare;Family Welfare;Health;Health and Family welfare;Family Welfare;Health;Health and Family welfare;Family Welfare;Health;Health and Family welfare;Family Welfare;Health;Health and Family welfare;Family Welfare;Health;Health and Family welfare;Family Welfare;Health;Health and Family welfare;Family Welfare;Health;Health and Family welfare;Family Welfare;Health;Health and Family welfare;Family Welfare;Health;Health and Family welfare;Family Welfare;Health;Health and Family welfare;Family Welfare;Health;Health and Family welfare;Family Welfare;Health;Health and Family welfare;Family Welfare;Health;Health and Family welfare;Family Welfare;Health;Health and Family welfare;Family Welfare;Health,,Health indicator-wise monthly datasets at sub district level from HMIS,Dataset,nan,Health indicator-wise monthly datasets at sub district level from HMIS ,6737060.0,5,True,1,1,0.0,,22486
7,,Hourly,,Central Pollution Control Board,Hourly,Central Pollution Control Board,25/7/2016,4/8/2016,27/6/2025,,,text/csv,,1,data.gov.in/resource/real-time-air-quality-index-various-locations,,,,,Central,,,The real-time data as collected from the field instruments is displayed live without human intervention from CPCB. It is likely that the live data may display some errors or abnormal values. Any abnormal value may be due to any episode or instrumental error at any particular time.,"Ministry of Environment, Forest and Climate Change;Central Pollution Control Board | Central Pollution Control Board",1.0,,,,data.gov.in,Environment and Forest;Industrial Air Pollution;Residential Air Pollution;Vehicular Air Pollution | Environment and Forest;Industrial Air Pollution;Residential Air Pollution;Vehicular Air Pollution,,Real time Air Quality Index from various locations,Dataset,12.0,Real time Air Quality Index,3630781.0,4,True,1,1,1.0,,22293
8,,Monthly,,Office of the Economic Adviser,Monthly,Office of the Economic Adviser,18/8/2017,24/8/2017,27/6/2025,,,text/csv,,0,data.gov.in/resource/wholesale-price-index-base-year-2011-12-till-last-month,,,,,Central,,,Data for last two months are provisional; NA: Not Applicable/Available,Ministry of Commerce and Industry;Department for Promotion of industry and Internal Trade;Office of the Economic Adviser | Office of the Economic Adviser,1.0,,,,data.gov.in,Economy;Prices;Finance;Economy | Economy;Prices;Finance;Economy,,Wholesale Price Index (Base Year 2011-12) till last month,Dataset,12.0,Wholesale Price Index,3630501.0,4,True,1,1,1.0,,8915
9,,Monthly,,National Water Informatics Centre,Monthly,National Water Informatics Centre,17/5/2022,24/8/2022,15/6/2025,,,text/csv,,1,data.gov.in/resource/daily-data-reservoir-level-central-water-commission-cwc,,,,,Central,,,nan,"Department of Water Resources, River Development & Ganga Rejuvenation;Ministry of Jal Shakti;National Water Informatics Centre | National Water Informatics Centre",1.0,,,,data.gov.in,Water Resources,,Daily data of reservoir level of Central Water Commission (CWC),Dataset,nan,Reservoir,7210814.0,5,True,1,0,nan,,8311
10,,Others,,International Institute for Population Sciences (IIPS),Others,International Institute for Population Sciences (IIPS),12/2/2022,15/2/2022,2/6/2025,,,application/vnd.ms-excel,,0,data.gov.in/resource/all-india-and-stateut-wise-factsheets-national-family-health-survey-nfhs-5-2019-2021,,,,,Central,,," For all indicators except infant and child mortality rates, figures in ( ) are based on 25-49 unweighted cases and  * denotes percentage not shown based on fewer than 25 unweighted cases. 
For infant and child mortality indicators, figures in ( ) are based on 250-499 unweighted person years of exposure to the risk of death and * denotes figures not given based on fewer than 250 unweighted person years of exposure to the risk of death.

For more details please, visit  to URL http://rchiips.org/nfhs/NFHS-5_FCTS/COMPENDIUM/NFHS-5%20State%20Factsheet%20Compendium_Phase-I.pdf  and http://rchiips.org/nfhs/NFHS-5_FCTS/Final%20Compendium%20of%20fact%20sheets_India%20and%2014%20States_UTs%20(Phase-II).pdf",Ministry of Health and Family Welfare;Department of Health and Family Welfare;International Institute for Population Sciences (IIPS) | International Institute for Population Sciences (IIPS),0.0,,,,data.gov.in,Health and Family welfare;Family Welfare | Health and Family welfare;Health and Family welfare;Health and Family welfare;Health and Family welfare;Health and Family welfare;Health and Family welfare,,"All India and State/UT-wise Factsheets of National Family Health Survey (NFHS) - 5, 2019-2021",Dataset,35.0,National Family Health Survey (NFHS) - 5,nan,1,True,0,1,0.0,,7634
11,,Quarterly,,Department for Promotion of industry and Internal Trade,Quarterly,Department for Promotion of industry and Internal Trade,14/6/2017,14/6/2017,18/6/2025,,,text/csv,,0,data.gov.in/resource/fdi-equity-inflows-year-2000-till-last-quarter,,,,,Central,,,"Data are being updated quarterly basic, it contains data till last quarter of the current year.",Ministry of Commerce and Industry;Department for Promotion of industry and Internal Trade | Department for Promotion of industry and Internal Trade,nan,,,,data.gov.in,Commerce | Commerce,,FDI Equity Inflows from the year 2000 till last quarter,Dataset,nan,Foreign Direct Investment (FDI) Equity Inflows,3630701.0,4,True,1,1,1.0,,5633
12,,Others,,International Institute for Population Sciences (IIPS),Others,International Institute for Population Sciences (IIPS),2/3/2022,4/3/2022,3/6/2025,,,application/vnd.ms-excel,,0,data.gov.in/resource/india-districts-factsheets-national-family-health-survey-nfhs-5-2019-2021,,,,,Central,,,"Figures in ( ) are based on 25-49 unweighted cases and * denotes percentage not shown based on fewer than 25 unweighted cases. For more details please, visit to URL 
http://rchiips.org/nfhs/districtfactsheet_NFHS-5.shtml",Ministry of Health and Family Welfare;Department of Health and Family Welfare;International Institute for Population Sciences (IIPS) | International Institute for Population Sciences (IIPS),0.0,,,,data.gov.in,All;Health and Family welfare | All;Family Welfare,,"India Districts Factsheets of National Family Health Survey (NFHS) - 5, 2019-2021",Dataset,25.0,National Family Health Survey-5 (NFHS-5) - India Districts Factsheet Data,nan,1,True,1,0,0.0,,5529
13,,Monthly,,Telecom Regulatory Authority of India (TRAI),Monthly,Telecom Regulatory Authority of India (TRAI),20/4/2018,23/4/2018,25/1/2025,,,text/csv,,1,data.gov.in/resource/month-wise-all-india-crowdsourced-mobile-data-speed-measurement,,,,,Central,,,"if You are not able to find speeds mentioned for a TSP/ State, this is due to insufficient samples in your selection ""na"" = ""not available"" owing to device unable to capture signal level LSA : Licensed_Service_Area, Signal_Strength : signal strength refers to the Transmitter power output as received by a reference antenna, TEST_TYPE : Upload /Download represent whether speed is for Download test or Upload Test, Technology : Network generation technology of wireless technology, TSP: Telecom Service Provider which provide service to users in a specific LSA
",Ministry of Communications;Department of Telecommunications (DOT);Telecom Regulatory Authority of India (TRAI) | Telecom Regulatory Authority of India (TRAI),0.0,,,,data.gov.in,Information and Communications;Telecom | Information and Communications;Telecom;Information and Communications;Telecom;Information and Communications;Telecom;Information and Communications;Telecom;Information and Communications;Telecom;Information and Communications;Telecom;Information and Communications;Telecom;Information and Communications;Telecom,,Month-wise All India Crowdsourced Mobile Data Speed Measurement,Dataset,1.0,MySpeed (Crowdsourced Mobile Data Speeds),6622353.0,5,True,1,1,1.0,,4911
14,,Annual,,"India Meteorological Department (IMD), Pune",Annual,"India Meteorological Department (IMD), Pune",4/12/2018,18/12/2018,12/12/2021,,,text/csv,,0,data.gov.in/resource/sub-divisional-monthly-rainfall-1901-2017,,,,,Central,,,"All values are in MMS; NA: Not Available.
","Ministry of Earth Sciences;India Meteorological Department (IMD);India Meteorological Department (IMD), Pune | India Meteorological Department (IMD), Pune",0.0,,,,data.gov.in,Science and Technology;Atmospheric Science;Earth Sciences | Earth Sciences;Earth Sciences,,Sub Divisional Monthly Rainfall from 1901 to 2017,Dataset,1.0,Rainfall in India,nan,1,True,1,1,1.0,,4900
15,,Monthly,,Telecom Regulatory Authority of India (TRAI),Others,Telecom Regulatory Authority of India (TRAI),30/11/2017,1/12/2017,25/3/2025,,,text/csv,,1,data.gov.in/resource/voice-call-quality-customer-experience-till-last-month,,,,,Central,,,nan,Ministry of Communications;Department of Telecommunications (DOT);Telecom Regulatory Authority of India (TRAI) | Telecom Regulatory Authority of India (TRAI),0.0,,,,data.gov.in,Information and Communications;Telecom | Information and Communications;Telecom;Information and Communications;Telecom;Information and Communications;Telecom;Information and Communications;Telecom;Information and Communications;Telecom;Information and Communications;Telecom;Information and Communications;Telecom;Information and Communications;Telecom,,Voice Call Quality Customer Experience till last month,Dataset,3.0,Voice Call Quality Customer Experience ,4206541.0,5,True,1,1,0.0,,4422
16,,Annual,,Office of the Economic Adviser,Annual,Office of the Economic Adviser,14/9/2017,20/11/2017,27/6/2025,,,text/csv,,0,data.gov.in/resource/wholesale-price-index-base-year-2011-12-till-last-financial-year,,,,,Central,,,NA: Not Applicable/Available,Ministry of Commerce and Industry;Department for Promotion of industry and Internal Trade;Office of the Economic Adviser | Office of the Economic Adviser,1.0,,,,data.gov.in,Economy;Prices;Finance;Economy,,Wholesale Price Index (Base Year 2011-12) till last financial year,nan,14.0,Wholesale Price Index,nan,1,True,0,1,0.0,,4247
17,,Others,,Ministry of Railways,Others,Ministry of Railways,24/4/2018,24/1/2018,2/6/2025,,,text/csv,,0,data.gov.in/resource/indian-railways-time-table-trains-available-reservation-01112017,,,,,Central,,,nan,Ministry of Railways | Ministry of Railways,0.0,,,,data.gov.in,Transport;Railways | Transport;Railways,,Indian Railways Time Table for trains available for reservation as on 01.11.2017,Dataset,nan,Indian Railways Train Time Table,nan,1,True,1,1,1.0,,4131
18,,Monthly,,National Water Informatics Centre,Monthly,National Water Informatics Centre,17/5/2022,24/8/2022,15/6/2025,,,text/csv,,1,data.gov.in/resource/daily-data-soil-moisture,,,,,Central,,,nan,"Department of Water Resources, River Development & Ganga Rejuvenation;Ministry of Jal Shakti;National Water Informatics Centre | National Water Informatics Centre",1.0,,,,data.gov.in,Water Resources,,Daily data of Soil Moisture,Dataset,1.0,Soil Moisture,7210812.0,5,True,1,1,nan,,3903
19,,Annual,,"India Meteorological Department (IMD), Pune",Annual,"India Meteorological Department (IMD), Pune",1/8/2022,16/1/2023,2/6/2025,,,text/csv,,1,data.gov.in/resource/seasonal-and-annual-mean-temperature-series-period-1901-2021,,,,,Central,,,nan,"Ministry of Earth Sciences;India Meteorological Department (IMD);India Meteorological Department (IMD), Pune | India Meteorological Department (IMD), Pune",0.0,,,,data.gov.in,Science and Technology;Earth Sciences | Earth Sciences,,Seasonal and Annual Mean Temperature Series for the period 1901-2021,Dataset,8.0,All India Seasonal and Annual Temperature Series,nan,1,True,0,0,nan,,3667
20,,Annual,,Directorate of Economics and Statistics (DES),Annual,Directorate of Economics and Statistics (DES),20/5/2013,20/5/2013,16/10/2024,,,text/csv,,0,data.gov.in/resource/district-wise-season-wise-crop-production-statistics-1997,,,,,Central,,,nan,Ministry of Agriculture and Farmers Welfare;Department of Agriculture and Farmers Welfare;Directorate of Economics and Statistics (DES) | Directorate of Economics and Statistics (DES),nan,,,,data.gov.in,Agriculture;Agricultural Produces | Agriculture;Agricultural Produces,,"District-wise, season-wise crop production statistics from 1997",Dataset,251.0,"District-wise, season-wise crop production statistics",nan,2,False,1,1,1.0,,3667
21,,Others,,International Institute for Population Sciences (IIPS),Others,International Institute for Population Sciences (IIPS),2/8/2022,1/9/2022,1/9/2022,,,application/vnd.ms-excel,,1,data.gov.in/resource/global-youth-tobacco-survey-gyts-4-india-and-states-2019,,,,,Central,,,"Notes: 1. Use of any form of tobacco, i.e. smoking, smokeless, and any other form of tobacco products; 2. Ever tried or experimented any form of tobacco even once; 3. Use of any form of tobacco in past 30 days; 4. Includes other form of smoking products in addition to cigarette and bidi such as hookah, cigars, cheroots, cigarillos, water pipe, chillum, chutta, dhumti, 5. Use of paan masala together with tobacco was asked directly as one of the categories of smokeless tobacco; 6.  Susceptibility to future cigarette use includes those who answered Yes, or maybe to using tobacco products if one of their best friends offered it to them; 7. E-cigarette is part of Electronic Nicotine Delivery System (ENDS) and includes like devices and other emerging products; 8. Stopped using tobacco in past 12 months; 9. Refers to current tobacco users only;  10. Secondhand smoking or passive smoking refers to exposure to other peoples smoking in past 7 days; 11. Refers to schools, hostels, shops, restaurants, movie theatres, public conveyances, gyms, sports arenas, airports, auditorium, hospital building, railway waiting room, public toilets, public offices, educational institutions, libraries, etc.; 12. Refers to playgrounds, sidewalks, entrances to buildings, parks, beaches, bus stops, market places, etc.; #. the value 0.0 represent prevalence of less than 0.05. 13. Refers to source of obtaining tobacco products by current users at the time of  last use in past 30 days and the two major sources are given here, therefore, these two figures may not add upto 100% as there are other sources; 14. Includes any form of mass media, fairs, concerts, sporting, community events or social gatherings, tobacco products packages and taught in class; 15. Mass media includes television, radio, internet, billboards, posters, newspapers, magazines, movies, etc.; 16. Social events include sports events, fairs, concerts, community events, social gatherings etc.; 17. Includes any form of media or point of sale; 18. Point of Sale includes any stores, grocery shops, paan shops etc.; 19.Unit of analysis is the school (unweighted); 20. Cigarettes and Other Tobacco Products (Prohibition of Advertisement and Regulation of Trade and Commerce, Production, Supply and Distribution) Act, 2003.",Ministry of Health and Family Welfare;Department of Health and Family Welfare;International Institute for Population Sciences (IIPS) | International Institute for Population Sciences (IIPS),0.0,,,,data.gov.in,Health;Health and Family welfare | Health and Family welfare;Family Welfare,,"Global Youth Tobacco Survey (GYTS-4), India and States, 2019",Dataset,10.0,Global Youth Tobacco Survey (GYTS-4),nan,1,True,0,0,nan,,3002
22,,Monthly,,Ministry of Panchayati Raj,Monthly,Ministry of Panchayati Raj,22/9/2022,22/9/2022,1/6/2025,,,text/csv,,1,data.gov.in/resource/local-government-directory-lgd-villages-pin-codes,,,,,Central,,,This Dataset contains LGD codes for Villages with PIN Codes. This dataset will be updated on 1st day of every month.,Ministry of Panchayati Raj | Ministry of Panchayati Raj,1.0,,,,data.gov.in,Panchayati Raj,,Local Government Directory (LGD) - Villages with PIN Codes,Dataset,7.0,Local Government Directory (LGD),7246503.0,5,True,1,1,nan,,2870
23,,Monthly,,Ministry of Panchayati Raj,Monthly,Ministry of Panchayati Raj,22/9/2022,22/9/2022,1/6/2025,,,text/csv,,1,data.gov.in/resource/local-government-directory-lgd-local-bodies-pin-codes,,,,,Central,,,This Dataset contains LGD codes for Local Bodies with PIN Codes. This dataset will be updated on 1st day of every month. ,Ministry of Panchayati Raj | Ministry of Panchayati Raj,1.0,,,,data.gov.in,Panchayati Raj,,Local Government Directory (LGD) - Local Bodies with PIN Codes,Dataset,nan,Local Government Directory (LGD),7246652.0,4,True,1,1,1.0,,2629
24,,Weekly,,Department for Promotion of industry and Internal Trade,Annual,Department for Promotion of industry and Internal Trade,30/8/2022,1/9/2022,17/2/2025,,,text/csv,,1,data.gov.in/resource/industry-state-and-year-wise-startups-recognized-dpiit-till-last-week,,,,,Central,,,DPIIT - Department for Promotion of Industry and Internal Trade.,Ministry of Commerce and Industry;Department for Promotion of industry and Internal Trade | Department for Promotion of industry and Internal Trade,1.0,,,,data.gov.in,All,,"Industry, State and Year wise Startups Recognized by DPIIT till last week",Dataset,18.0,Startup Recognized by DPIIT ,7221413.0,2,True,0,0,nan,,2617
25,,Annual,,National Crime Records Bureau (NCRB),Annual,National Crime Records Bureau (NCRB),5/3/2021,9/3/2021,9/3/2021,,,text/csv,,0,data.gov.in/resource/crime-head-wise-police-disposal-ipc-crime-cases-crime-head-wise-during-2019,,,,,Central,,,"As per data provided by States/UTs; Due to non-receipt of data from West Bengal in time for 2019, Data furnished for 2018 has been used.",Ministry of Home Affairs;Department of States;National Crime Records Bureau (NCRB) | National Crime Records Bureau (NCRB),0.0,,,,data.gov.in,Home Affairs and Enforcement;Police | Police,,Crime Head-wise Police Disposal of IPC Crime Cases (Crime Head-wise) during 2019,Dataset,nan,Crime in India - 2019,nan,1,True,1,1,1.0,,2612
26,,Daily,,"Ministry of Micro, Small and Medium Enterprises",Daily,"Ministry of Micro, Small and Medium Enterprises",26/10/2021,1/11/2021,27/6/2025,,,text/csv,,1,data.gov.in/resource/district-wise-total-msme-registered-enterprises-under-udyam-registration-till-last-date,,,,,Central,,,nan,"Ministry of Micro, Small and Medium Enterprises | Ministry of Micro, Small and Medium Enterprises",1.0,,,,data.gov.in,Industries;Medium;Micro;Small Scale | Medium;Micro;Small Scale;Medium;Micro;Small Scale;Medium;Micro;Small Scale;Medium;Micro;Small Scale;Medium;Micro;Small Scale,,District Wise Total MSME Registered Enterprises under UDYAM Registration till last date,Dataset,19.0, UDYAM Registration (MSME Registration),7159067.0,4,True,1,1,1.0,,2447
27,,One-time,,National Water Informatics Centre,One-time,National Water Informatics Centre,16/9/2022,28/9/2022,28/9/2022,,,application/zip,,1,data.gov.in/resource/shapefile-rivers,,,,,Central,,,"This zip contains the various formats i.e .shp, .shx,.dbf,.prj,.sbn, .cpg,.dbf. This zip contains the information of all all the major and minor rivers  of entire country. It is a line .","Department of Water Resources, River Development & Ganga Rejuvenation;Ministry of Jal Shakti;National Water Informatics Centre | National Water Informatics Centre",0.0,,,,data.gov.in,Ground Water;Surface Water | Ground Water;Surface Water,,Shapefile of Rivers,Dataset,nan,Boundaries of Water Resources Projects,nan,2,True,0,0,nan,,2410
28,,Annual,,"India Meteorological Department (IMD), Pune",Annual,"India Meteorological Department (IMD), Pune",2/11/2020,20/5/2021,20/5/2021,,,text/csv,,0,data.gov.in/resource/rainfall-all-india-and-its-departure-normal-during-monsoon-session-june-sept-1901-2019,,,,,Central,,,Actual Rainfall in MM.,"Ministry of Earth Sciences;India Meteorological Department (IMD);India Meteorological Department (IMD), Pune | India Meteorological Department (IMD), Pune",0.0,,,,data.gov.in,Science and Technology;Atmospheric Science;Earth Sciences | Earth Sciences;Earth Sciences;Earth Sciences;Earth Sciences,,Rainfall in all India and its departure from normal during Monsoon session (June-Sept) from 1901 to 2019,Dataset,nan,Rainfall in India,nan,1,True,1,0,1.0,,2044
29,,Annual,,Department of School Education and Literacy,Annual,Department of School Education and Literacy,13/1/2022,14/9/2023,14/9/2023,,,text/csv,,0,data.gov.in/resource/enrolment-age-and-class-udise-plus-during-2012-13,,,,,Central,,,nan,Ministry of Education;Department of School Education and Literacy | Department of School Education and Literacy,0.0,,,,data.gov.in,Education,,Enrolment by Age and Class (UDISE plus) during 2012-13,Dataset,0.0,Enrolment by Age and Class (UDISE plus),nan,1,True,0,0,0.0,,2005
30,,Daily,,"Ministry of Micro, Small and Medium Enterprises",Daily,"Ministry of Micro, Small and Medium Enterprises",26/10/2021,1/11/2021,27/6/2025,,,text/csv,,1,data.gov.in/resource/district-wise-services-msme-registered-enterprises-under-udyam-registration-till-last-date,,,,,Central,,,nan,"Ministry of Micro, Small and Medium Enterprises | Ministry of Micro, Small and Medium Enterprises",1.0,,,,data.gov.in,Industries;Medium;Micro;Small Scale | Medium;Micro;Small Scale;Medium;Micro;Small Scale;Medium;Micro;Small Scale;Medium;Micro;Small Scale;Medium;Micro;Small Scale,,District wise Services MSME Registered Enterprises under UDYAM Registration till last date ,Dataset,11.0, UDYAM Registration (MSME Registration),7159069.0,4,True,1,1,1.0,,1960
31,,Annual,,"India Meteorological Department (IMD), Pune",Annual,"India Meteorological Department (IMD), Pune",4/12/2018,18/12/2018,12/12/2021,,,text/csv,,0,data.gov.in/resource/seasonal-and-annual-minmax-temp-series-india-1901-2017,,,,,Central,,,"Data values are in degree Celsius.
","Ministry of Earth Sciences;India Meteorological Department (IMD);India Meteorological Department (IMD), Pune | India Meteorological Department (IMD), Pune",0.0,,,,data.gov.in,Science and Technology;Atmospheric Science;Earth Sciences | Earth Sciences;Earth Sciences;Earth Sciences;Earth Sciences,,Seasonal and Annual Min/Max Temp Series - India from 1901 to 2017,Dataset,nan,All India Seasonal and Annual Min/Max Temperature Series,nan,1,True,1,1,1.0,,1851
32,,Monthly,,National Water Informatics Centre,Monthly,National Water Informatics Centre,4/10/2022,4/10/2022,15/6/2025,,,text/csv,,1,data.gov.in/resource/daily-data-evapotranspiration-nrsc,,,,,Central,,,nan,"Department of Water Resources, River Development & Ganga Rejuvenation;Ministry of Jal Shakti;National Water Informatics Centre | National Water Informatics Centre",1.0,,,,data.gov.in,Ground Water,,Daily data of Evapotranspiration of NRSC,Dataset,nan,Daily Data of Evapo-transpiration,7257813.0,5,True,1,0,nan,,1816
33,,Quarterly,,Department of Empowerment of Persons with Disabilities,Quarterly,Department of Empowerment of Persons with Disabilities,6/9/2023,11/9/2023,11/6/2024,,,application/vnd.ms-excel,,1,data.gov.in/resource/district-wise-disability-wise-age-group-wise-gender-wise-unique-disability-id-udid-data,,,,,Central,,,"Title of dataset: UDID Card data (www.swavlambancard.gov.in) updated: 11/06/2024.  Department:  (Department of Empowerment of Persons with Disabilities)  File formats Databases: .csv Format   Field Name: 1: State/UT Name(state_name), 2: District (district_name), 3: Disability Name (disability_type_name)  4: Age Group (age_group),    5: Gender: male_count (No of male Count in UDID), 6:Gender Female_count (No of Female Count in UDID), 7: Total Number (total_count)(Male Count ) + (Female count).                                                                                                                                         Department  will update data on quarterly basis. ",Ministry of Social Justice and Empowerment;Department of Empowerment of Persons with Disabilities | Department of Empowerment of Persons with Disabilities,0.0,,,,data.gov.in,Social Development | Social Development,,"District wise, Disability wise, Age group wise , Gender wise Unique Disability ID (UDID) data as on 11.06.2024",Dataset,nan,Unique Disability ID (UDID) ,nan,1,True,1,0,nan,,1799
34,,Monthly,,Ministry of Statistics and Programme Implementation,Monthly,Ministry of Statistics and Programme Implementation,17/7/2023,18/9/2023,18/9/2023,,,application/vnd.ms-excel,,1,data.gov.in/resource/all-india-consumer-price-index-ruralurban-upto-may-2023,,,,,Central,,,nan,Ministry of Statistics and Programme Implementation | Ministry of Statistics and Programme Implementation,0.0,,,,data.gov.in,Economy;Prices;Finance;Economy;Statistics,,All India Consumer Price Index (Rural/Urban) upto May 2023,Dataset,1.0,All India Consumer Price Index (Rural/Urban),nan,1,True,1,0,nan,,1737
35,,Annual,,"India Meteorological Department (IMD), Pune",Annual,"India Meteorological Department (IMD), Pune",2/1/2017,30/3/2017,10/12/2021,,,text/csv,,0,data.gov.in/resource/all-india-area-weighted-monthly-seasonal-and-annual-rainfall-mm-1901-2015,,,,,Central,,,Monthly rainfall series contains monthly rainfall data for the period 1901- 2012 from delayed mode computation using all available stations and 2013-2015 from real time data series; NA: Not Available,"Ministry of Earth Sciences;India Meteorological Department (IMD);India Meteorological Department (IMD), Pune | India Meteorological Department (IMD), Pune",nan,,,,data.gov.in,Science and Technology;Atmospheric Science;Earth Sciences | Science and Technology;Atmospheric Science;Earth Sciences,,"All India area weighted monthly, seasonal and annual rainfall (in mm) from 1901-2015",Dataset,nan,Rainfall in India,nan,1,True,1,1,1.0,,1733
36,,Annual,,National Crime Records Bureau (NCRB),Annual,National Crime Records Bureau (NCRB),17/10/2022,18/10/2022,18/10/2022,,,text/csv,,0,data.gov.in/resource/crime-head-wise-police-disposal-ipc-crime-cases-during-2021,,,,,Central,,,As per data provided by States/UTs,Ministry of Home Affairs;Department of States;National Crime Records Bureau (NCRB) | National Crime Records Bureau (NCRB),0.0,,,,data.gov.in,Police | Army,,Crime Head-wise Police Disposal of IPC Crime Cases during 2021,Dataset,1.0,Crime in India - 2021,0.0,1,True,1,0,nan,,1683
37,,Annual,,Ministry of Tourism,Annual,Ministry of Tourism,2/5/2019,28/10/2022,28/10/2022,,,text/csv,,0,data.gov.in/resource/foreign-tourist-arrivals-ftas-arrivals-non-resident-indians-nris-and-international-0,,,,,Central,,,"Source: Bureau of Immigration, Govt. of India; NA: Not Available; Data for '2018' is provisional; Value of 'FTAs in India - Percentage change over previous year' for 2018 is Growth Rate over same period of previous year.
",Ministry of Tourism | Ministry of Tourism,0.0,,,,data.gov.in,Travel and Tourism,,"Foreign Tourist Arrivals (FTAs), Arrivals of Non-Resident Indians (NRIs) and International Tourist Arrival (ITAs) from 1981 to 2017",Dataset,5.0,India Tourism Statistics,nan,1,True,0,0,0.0,,1673
38,,Annual,,Department of School Education and Literacy,Annual,Department of School Education and Literacy,13/1/2022,13/1/2022,27/1/2022,,,text/csv,,0,data.gov.in/resource/enrolment-age-and-class-udise-plus-during-2019-20,,,,,Central,,,nan,Ministry of Education;Department of School Education and Literacy | Department of School Education and Literacy,0.0,,,,data.gov.in,Education | Education,,Enrolment by Age and Class (UDISE plus) during 2019-20,Dataset,nan,Enrolment by Age and Class (UDISE plus),nan,1,True,1,1,1.0,,1656
39,,Quarterly,,Rajya Sabha,Quarterly,Rajya Sabha,29/5/2023,30/5/2023,30/5/2023,,,text/csv,,0,data.gov.in/resource/year-wise-retail-inflation-rate-based-consumer-price-index-combined-cpi-c-2017-18-2022-23,,,,,Central,,,"Source - RAJYA SABHA SESSION - 259 UNSTARRED QUESTION No 3106. ANSWERED ON, 28TH MARCH 2023. Data Figures are in Percentage. FY 2022-23 (April-February). Source - MOSPI. Note - Data for February 2023 is provisional.",Rajya Sabha | Rajya Sabha,0.0,,,,data.gov.in,All | Finance,,Year-wise retail inflation rate based on Consumer Price Index-Combined (CPI-C) from 2017-18 to 2022-23,Dataset,nan,Answers Data of Rajya Sabha Questions for Session 259,0.0,1,True,1,0,1.0,,1643
40,,Annual,,Ministry of Statistics and Programme Implementation,Annual,Ministry of Statistics and Programme Implementation,18/7/2017,1/8/2017,1/8/2017,,,text/csv,,0,data.gov.in/resource/gsva-economic-activity-current-prices-tamil-nadu-2011-12-2016-17-31032017,,,,,Central,,,Data values are Rs. in lakh.,Ministry of Statistics and Programme Implementation | Ministry of Statistics and Programme Implementation,nan,,,,data.gov.in,Finance;Economy;Statistics,,GSVA by Economic Activity at Current Prices for Tamil Nadu from 2011-12 to 2016-17 (as on 31.03.2017),Dataset,nan,Gross State Domestic Product at Current Prices,nan,1,True,1,1,0.0,,1639
41,,Daily,,Ministry of Labour and Employment,Daily,Ministry of Labour and Employment,19/12/2023,21/12/2023,27/6/2025,,,text/csv,,1,data.gov.in/resource/district-wise-demographic-data-unorganised-workers-registered-eshram-previous-day,,,,,Central,,,The data is based on self declaration.,Ministry of Labour and Employment | Ministry of Labour and Employment,1.0,,,,data.gov.in,Unorganized Sector Workers | Labour and Employment,,District-wise Demographic Data of Unorganised Workers registered on eShram as on Previous Day,Dataset,nan,Demographic Data of Unorganised Workers registered on eShram portal,7844104.0,5,True,1,1,nan,,1553
42,,Monthly,,Petroleum Planning & Analysis Cell (PPAC),Monthly,Petroleum Planning & Analysis Cell (PPAC),13/6/2023,14/6/2023,27/6/2025,,,text/csv,,1,data.gov.in/resource/monthly-crude-oil-processed-refineries,,,,,Central,,,"Source: Oil Companies, Some of the data may be provisional. For reference / details, please visit PPAC website (https://ppac.gov.in/)",Ministry of Petroleum and Natural Gas;Petroleum Planning & Analysis Cell (PPAC) | Petroleum Planning & Analysis Cell (PPAC),1.0,,,,data.gov.in,Non Renewable | Non Renewable,,Monthly Crude Oil Processed by Refineries,Dataset,nan,Crude Oil Processed by Refineries,7526649.0,4,True,1,0,nan,,1541
43,,Annual,,Ministry of Road Transport and Highways,Annual,Ministry of Road Transport and Highways,13/12/2017,14/12/2017,14/2/2025,,,text/csv,,0,data.gov.in/resource/statistics-road-accidents-india-2013-2016,,,,,Central,,,NA: Not Available,Ministry of Road Transport and Highways | Ministry of Road Transport and Highways,0.0,,,,data.gov.in,Transport;Road Transport | Transport;Road Transport;Transport;Road Transport;Transport;Road Transport;Transport;Road Transport,,Statistics of Road Accidents in India From 2013 to 2016,Dataset,nan,State/UT wise total no of road accidents,nan,1,True,1,1,1.0,,1480
44,,Annual,,Central Board of Secondary Education (CBSE),Annual,Central Board of Secondary Education (CBSE),13/6/2023,13/6/2023,13/6/2023,,,text/csv,,0,data.gov.in/resource/cbse-result-statistics-class-xii-2023,,,,,Central,,,"Regd.: Registered. Appd.: Appeared, CTSA: Central Tibetan School Administration. JNV: Jawahar Navodaya Vidyalaya. KV: Kendriya Vidyalaya. Data figures are in numbers.",Ministry of Education;Department of School Education and Literacy;Central Board of Secondary Education (CBSE) | Central Board of Secondary Education (CBSE),0.0,,,,data.gov.in,Education,,CBSE Result Statistics Class XII - 2023,Dataset,nan,CBSE Result Statistics Class XII,nan,1,True,1,0,nan,,1449
45,,Annual,,Department of Health and Family Welfare,Annual,Department of Health and Family Welfare,4/4/2018,4/4/2018,12/2/2025,,,text/csv,,0,data.gov.in/resource/district-wise-availability-health-centres-india-31st-march-2017,,,,,Central,,,"For Arunachal Pradesh, Out of 588  total 312 Sub Centres are functional in the State; For Tamil Nadu, Out of Total 1835 PHCs 1362 PHCs are functioning in Rural areas, while 473 are in urban areas;  Old name of district Gurugram was Gurgaon;  Old name of district Nuh was Mewat; NA: Not Available",Ministry of Health and Family Welfare;Department of Health and Family Welfare | Department of Health and Family Welfare,0.0,,,,data.gov.in,Health and Family welfare;Family Welfare;Health | Health and Family welfare;Health;Health and Family welfare;Health;Health and Family welfare;Health;Health and Family welfare;Health;Health and Family welfare;Health;Health and Family welfare;Health;Health and Family welfare;Health;Health and Family welfare;Health;Health and Family welfare;Health;Health and Family welfare;Health,,"District-wise availability of health centres in India as on 31st March, 2017",Dataset,nan,Rural Health Statistics - 2017,nan,1,True,1,1,1.0,,1444
46,,Annual,,"India Meteorological Department (IMD), Pune",Annual,"India Meteorological Department (IMD), Pune",2/1/2017,30/3/2017,10/12/2021,,,text/csv,,0,data.gov.in/resource/area-weighted-monthly-seasonal-and-annual-rainfall-mm-36-meteorological-subdivisions-1901,,,,,Central,,,Monthly rainfall series contains monthly rainfall data for the period 1901- 2012 from delayed mode computation using all available stations and 2013-2015 from real time data series; NA: Not Available,"Ministry of Earth Sciences;India Meteorological Department (IMD);India Meteorological Department (IMD), Pune | India Meteorological Department (IMD), Pune",nan,,,,data.gov.in,Science and Technology;Atmospheric Science;Earth Sciences | Science and Technology;Atmospheric Science;Earth Sciences,,"Area weighted monthly, seasonal and annual rainfall ( in mm) for 36 meteorological subdivisions from 1901-2015",Dataset,nan,Rainfall in India,nan,1,True,1,1,1.0,,1380
47,,Annual,,"India Meteorological Department (IMD), Pune",Annual,"India Meteorological Department (IMD), Pune",26/10/2015,30/9/2016,10/12/2021,,,text/csv,,0,data.gov.in/resource/monthly-mean-maximum-minimum-temperature-and-total-rainfall-based-upon-1901-2000-data-3,,,,,Central,,,nan,"Ministry of Earth Sciences;India Meteorological Department (IMD);India Meteorological Department (IMD), Pune | India Meteorological Department (IMD), Pune",nan,,,,data.gov.in,Science and Technology;Earth Sciences | Science and Technology;Earth Sciences,,Monthly mean maximum & minimum temperature and total rainfall based upon 1901-2000 data,Dataset,1.0,Climatology data of Important Cities,nan,1,True,1,1,1.0,,1320
48,,Daily,,Petroleum Planning & Analysis Cell (PPAC),Monthly,Petroleum Planning & Analysis Cell (PPAC),19/5/2023,19/5/2023,27/6/2025,,,text/csv,,1,data.gov.in/resource/monthly-consumption-petroleum-products,,,,,Central,,,"i) Part of the data may be provisional. For details kindly refer to PPAC website ( https://ppac.gov.in )ii) The source of information includes Oil Companies, DGCIS & online SEZ data.",Ministry of Petroleum and Natural Gas;Petroleum Planning & Analysis Cell (PPAC) | Petroleum Planning & Analysis Cell (PPAC),1.0,,,,data.gov.in,Power and Energy,,Monthly Consumption of Petroleum Products,Dataset,nan,Consumption of Petroleum Products,7492382.0,1,True,1,0,nan,,1264
49,,Annual,,Department of Health and Family Welfare,Annual,Department of Health and Family Welfare,12/7/2016,13/7/2016,10/12/2021,,,text/csv,,0,data.gov.in/resource/state-wise-population-decadal-population-growth-rate-and-population-density-2011,,,,,Central,,,"For Manipur: Updated population of Manipur as per the order (9/25/2013-CD(Cen.) dtd 07-01-2014) of RGI; For Andhra Pradesh and Telangana: Data collected from the States; NA: Not Available; Source: Population Census of India, Office of the Registrar General & Census Commissioner, India",Ministry of Health and Family Welfare;Department of Health and Family Welfare | Department of Health and Family Welfare,nan,,,,data.gov.in,Health and Family welfare;Family Welfare;Health | Health and Family welfare;Family Welfare;Health,,"State-wise Population, Decadal Population Growth Rate and Population Density - 2011",Dataset,nan,Rural Health Statistics - 2015,nan,1,True,1,1,0.0,,1261
50,,One-time,,"Ministry of Micro, Small and Medium Enterprises",Daily,"Ministry of Micro, Small and Medium Enterprises",23/7/2019,24/7/2019,7/8/2019,,,text/csv,,0,data.gov.in/resource/district-wise-total-msme-registered-manufacturing-enterprises-till-last-date,,,,,Central,,,nan,"Ministry of Micro, Small and Medium Enterprises | Ministry of Micro, Small and Medium Enterprises",1.0,,,,data.gov.in,Medium;Micro;Small Scale | Medium;Micro;Small Scale,,District Wise Total  MSME Registered Manufacturing Enterprises till last date,Dataset,nan,Udyog Aadhaar Memorandum  ( MSME Registration ),6667162.0,1,True,1,1,1.0,,1250
51,,Daily,,Department of Rural Development (DRD),Daily,Department of Rural Development (DRD),11/9/2023,13/9/2023,27/6/2025,,,text/csv,,1,data.gov.in/resource/district-wise-mgnrega-data-glance,,,,,Central,,,nan,Ministry of Rural Development;Department of Rural Development (DRD) | Department of Rural Development (DRD),1.0,,,,data.gov.in,Development | Development,,District-wise MGNREGA Data at a Glance ,Dataset,1.0,Mahatma Gandhi National Rural Employment Guarantee Act (MGNREGA),603001422.0,5,True,1,1,nan,,1235
52,,Daily,,"Ministry of Micro, Small and Medium Enterprises",Daily,"Ministry of Micro, Small and Medium Enterprises",26/10/2021,1/11/2021,27/6/2025,,,text/csv,,1,data.gov.in/resource/district-level-manufacturing-msme-registered-enterprises-under-udyam-registration-till,,,,,Central,,,nan,"Ministry of Micro, Small and Medium Enterprises | Ministry of Micro, Small and Medium Enterprises",1.0,,,,data.gov.in,Industries;Medium;Micro;Small Scale | Medium;Micro;Small Scale;Medium;Micro;Small Scale;Medium;Micro;Small Scale;Medium;Micro;Small Scale;Medium;Micro;Small Scale,,District Level Manufacturing MSME Registered Enterprises under UDYAM Registration till last date,Dataset,11.0, UDYAM Registration (MSME Registration),7159068.0,4,True,1,0,1.0,,1181
53,,Annual,,Department of Empowerment of Persons with Disabilities,Annual,Department of Empowerment of Persons with Disabilities,6/2/2024,7/2/2024,18/2/2025,,,application/vnd.ms-excel,,0,data.gov.in/resource/indian-sign-language-dictionary-till-january-2024,,,,,Central,,,nan,Ministry of Social Justice and Empowerment;Department of Empowerment of Persons with Disabilities | Department of Empowerment of Persons with Disabilities,0.0,,,,data.gov.in,Disabled | Disabled,,Indian Sign Language Dictionary till January 2024,Dataset,73.0,Indian Sign Language Dictionary,nan,1,True,0,0,nan,,1163
54,,Others,,Department of Health and Family Welfare,Annual,Department of Health and Family Welfare,24/12/2014,29/12/2014,9/12/2021,,,text/csv,,0,data.gov.in/resource/percentage-households-having-electricity-improved-source-drinking-water-having-access,,,,,Central,,,NA :Percentage not shown for below 20 cases; The data of 21 states have been provided,Ministry of Health and Family Welfare;Department of Health and Family Welfare | Department of Health and Family Welfare,nan,,,,data.gov.in,Health and Family welfare;Family Welfare;Health | Health and Family welfare;Family Welfare;Health,,"Percentage of households having electricity, Improved source of drinking water, Having access to improved toilet facility, Use clean fuel for cooking - DLHS IV",Dataset,nan,District Level Household and Facility Survey (DLHS-4),nan,1,True,1,1,0.0,,1144
55,,One-time,,India Meteorological Department (IMD),Monthly,India Meteorological Department (IMD),31/5/2013,31/5/2013,17/4/2014,,,application/vnd.ms-excel,,0,data.gov.in/resource/district-rainfall-normal-mm-monthly-seasonal-and-annual-data-period-1951-2000,,,,,Central,,,nan,Ministry of Earth Sciences;India Meteorological Department (IMD) | India Meteorological Department (IMD),nan,,,,data.gov.in,Science and Technology;Atmospheric Science | Science and Technology;Atmospheric Science,,"District Rainfall Normal (in mm) Monthly, Seasonal And Annual : Data Period 1951-2000",Dataset,nan,"District Rainfall Normal (in mm) Monthly, Seasonal And Annual : Data Period 1951-2000",nan,1,True,1,1,1.0,,1141
56,,Annual,,Central Pollution Control Board,Daily,Central Pollution Control Board,6/10/2016,17/10/2016,10/12/2021,,,text/csv,,0,data.gov.in/resource/location-wise-daily-ambient-air-quality-tamil-nadu-year-2014,,,,,Central,,,"Data has been collected from the field instruments, It is likely that the data may display some errors or abnormal values. Any abnormal value may be due to any episode or instrumental error at any particular time; NA: Not Available/Not Applicable; Figures are in micrograms (one-millionth of a gram) per cubic meter.","Ministry of Environment, Forest and Climate Change;Central Pollution Control Board | Central Pollution Control Board",nan,,,,data.gov.in,Environment and Forest;Industrial Air Pollution;Residential Air Pollution;Vehicular Air Pollution | Environment and Forest;Industrial Air Pollution;Residential Air Pollution;Vehicular Air Pollution,,Location wise daily Ambient Air Quality of Tamil Nadu for the year 2014,Dataset,nan,Historical Daily Ambient Air Quality Data,nan,1,True,1,1,0.0,,1081
57,,Five Yearly,,"Ministry of Fisheries, Animal Husbandry and Dairying",Five Yearly,"Ministry of Fisheries, Animal Husbandry and Dairying",3/11/2015,12/11/2015,12/11/2015,,,text/csv,,0,data.gov.in/resource/district-wise-number-poultry-farms-and-poultry-birds-farms-2007-tamil-nadu,,,,,Central,,,18th Livestock census. All values are in number.,"Department of Animal Husbandry and Dairying;Ministry of Fisheries, Animal Husbandry and Dairying | Ministry of Fisheries, Animal Husbandry and Dairying",nan,,,,data.gov.in,Agriculture;Animal Husbandry | Agriculture;Animal Husbandry,,"District wise Number of Poultry Farms and Poultry Birds in Farms, 2007  - Tamil Nadu",Dataset,nan,Details of Poultry Farms and Poultry Birds in Farms,nan,1,True,1,1,1.0,,1018
58,,Others,,International Institute for Population Sciences (IIPS),Others,International Institute for Population Sciences (IIPS),10/5/2022,26/8/2022,26/8/2022,,,application/vnd.ms-excel,,1,data.gov.in/resource/longitudinal-ageing-study-india-lasi-wave-i-2017-18,,,,,Central,,,"* Including spouse irrespective of age, - indicates less number of cases/ no cases.This factsheet data is based on LASI state factsheets. This information is based on LASI eligible respondents (45+) ** Sikkim state data collection was carried out in 2020-21, this factsheet was release in 2022.While preparing this datasheet, two indicators from India factsheet - 167 & 168 are omitted to match with state/Uts factsheet indicators for detailed footnote refer to https://www.iipsindia.ac.in/sites/default/files/LASI_India_Factsheet.pdfhttps://www.iipsindia.ac.in/sites/default/files/other_files/LASI-Compendium_of_Factsheets%20_All_States_%26_UTs1.pdf",Ministry of Health and Family Welfare;Department of Health and Family Welfare;International Institute for Population Sciences (IIPS) | International Institute for Population Sciences (IIPS),0.0,,,,data.gov.in,Health and Family welfare;Health | Health,,"Longitudinal Ageing Study in India (LASI), Wave  I, 2017-18",Dataset,3.0,Longitudinal Ageing Study in India (LASI),nan,1,True,0,0,nan,,972
59,,Monthly,,Ministry of Statistics and Programme Implementation,Monthly,Ministry of Statistics and Programme Implementation,17/1/2022,25/1/2022,27/1/2022,,,text/csv,,0,data.gov.in/resource/state-level-consumer-price-index-ruralurban-upto-november-2021,,,,,Central,,,nan,Ministry of Statistics and Programme Implementation | Ministry of Statistics and Programme Implementation,0.0,,,,data.gov.in,Economy;Prices;Finance;Economy;Statistics,,State Level Consumer Price Index (Rural/Urban)  upto November 2021,Dataset,1.0,State Level Consumer Price Index (Rural/Urban),nan,1,True,1,0,1.0,,937
60,,Annual,,Ministry of Road Transport and Highways,Annual,Ministry of Road Transport and Highways,28/4/2014,8/5/2014,1/9/2016,,,text/csv,,0,data.gov.in/resource/number-newly-registered-motor-vehicles-2009-10-and-2010-11-and-number-registered-motor-22,,,,,Central,,,All figures are in numbers; Source: Offices of State Transport Commissioners/UT Administrations; The data has been sourced from Road Transport Year Book-2009-10 & 2010-11.,Ministry of Road Transport and Highways | Ministry of Road Transport and Highways,nan,,,,data.gov.in,Transport;Road Transport | Transport;Road Transport,,Number of Newly Registered Motor Vehicles in 2009-10 and 2010-11 and Number of Registered Motor Vehicles as on 31st March 2010 and as on 31st March 2011 in Tamil Nadu,Dataset,nan,Number of Newly Registered Motor Vehicles and Number of Registered Motor Vehicles in Tamil Nadu,nan,1,True,1,1,1.0,,920
61,,nan,,Department of School Education and Literacy,nan,Department of School Education and Literacy,10/9/2023,14/9/2023,14/9/2023,,,text/csv,,0,data.gov.in/resource/stateut-wise-district-score-during-2021-22,,,,,Central,,,nan,Ministry of Education;Department of School Education and Literacy | Department of School Education and Literacy,0.0,,,,data.gov.in,Education | Army,,State/UT-wise District Score during 2021-22,Dataset,1.0,Performance Grading Index (PGI),0.0,1,True,0,0,nan,,915
62,,Annual,,"India Meteorological Department (IMD), Pune",Annual,"India Meteorological Department (IMD), Pune",1/8/2022,16/1/2023,16/1/2023,,,text/csv,,1,data.gov.in/resource/seasonal-and-annual-minimum-maximum-temperature-series-period-1901-2021,,,,,Central,,,nan,"Ministry of Earth Sciences;India Meteorological Department (IMD);India Meteorological Department (IMD), Pune | India Meteorological Department (IMD), Pune",0.0,,,,data.gov.in,Science and Technology;Earth Sciences | Earth Sciences,,Seasonal and Annual Minimum / Maximum Temperature series for the period 1901-2021,Dataset,nan,All India Seasonal and Annual Temperature Series,nan,1,True,0,0,nan,,913
63,,One-time,,National Water Informatics Centre,One-time,National Water Informatics Centre,16/9/2022,28/9/2022,28/9/2022,,,application/zip,,1,data.gov.in/resource/shape-watershed-boundaries-india,,,,,Central,,,"This zip contains the various formats i.e .shp, .shx,.dbf,.prj,.sbn, .cpg,.dbf","Department of Water Resources, River Development & Ganga Rejuvenation;Ministry of Jal Shakti;National Water Informatics Centre | National Water Informatics Centre",0.0,,,,data.gov.in,Surface Water;Ground Water | Ground Water;Surface Water,,Shape of Watershed Boundaries of India,Dataset,nan,Hydrological Boundaries,nan,2,True,0,0,nan,,912
64,,Annual,,Ministry of Road Transport and Highways,Annual,Ministry of Road Transport and Highways,13/2/2014,7/5/2014,7/5/2014,,,text/csv,,0,data.gov.in/resource/number-newly-registered-motor-vehicles-2011-12-and-number-registered-motor-vehicles-31st-7,,,,,Central,,,All figures are in numbers; Source: Offices of State Transport Commissioners/UT Administrations; NA-Not Reported; The data has been sourced from Road Transport Year Book-2011-12.,Ministry of Road Transport and Highways | Ministry of Road Transport and Highways,nan,,,,data.gov.in,Transport;Road Transport | Transport;Road Transport,,"Number of Newly Registered Motor Vehicles in 2011-12 and Number of Registered Motor Vehicles as on 31st March, 2012 in Delhi",Dataset,nan,Number of Newly Registered Motor Vehicles and Number of Registered Motor Vehicles in Delhi,nan,1,True,1,1,1.0,,901
65,,Annual,,Ministry of Road Transport and Highways,Annual,Ministry of Road Transport and Highways,18/5/2016,3/6/2016,10/12/2021,,,text/csv,,0,data.gov.in/resource/total-number-registered-motor-vehicles-india-during-1951-2013,,,,,Central,,,"All figures are in thousands; *: Two-wheelers include auto-rickshaws for the years ending 31st March 1959, 1960, 1962, 1963, 1964, 1965, 1967, 1968 and 1969. For the remaining years, auto-rickshaws are included in Others; **: Others include tractors, trailers, three wheelers (passenger vehicles)/LMV and other miscellaneous vehicles which are not classified separately; @: Includes Omni buses since 2001; Totals may not tally due to rounding off of data; Source: Offices of State Transport Commissioners/UT Administration",Ministry of Road Transport and Highways | Ministry of Road Transport and Highways,nan,,,,data.gov.in,Transport;Road Transport | Transport;Road Transport,,Total Number of Registered Motor Vehicles in India during 1951-2013,Dataset,nan,Total Number of Registered Motor Vehicles in India,nan,1,True,1,1,1.0,,891
66,,Annual,,"India Meteorological Department (IMD), Pune",Others,"India Meteorological Department (IMD), Pune",4/12/2018,18/12/2018,17/2/2025,,,text/csv,,0,data.gov.in/resource/year-wise-annual-frequency-cyclones-34-knots-or-more-and-severe-cyclones-48-knots-or-more,,,,,Central,,,Source: India Meteorological Department; WB: West Bengal; OD: Odisha; AP: Andhra Pradesh; TN: Tamil Nadu; GJ: Gujarat; MH/GA: Maharashtra & Goa; KK: Karnataka; KR: Kerala.,"Ministry of Earth Sciences;India Meteorological Department (IMD);India Meteorological Department (IMD), Pune | India Meteorological Department (IMD), Pune",0.0,,,,data.gov.in,Science and Technology;Atmospheric Science;Earth Sciences | Earth Sciences;Earth Sciences;Earth Sciences,,Year-wise Annual frequency of cyclones (34 knots or more) and severe cyclones (48 knots or more) crossing different coastal states of India from 1891 to 2017,Dataset,nan,Yearly and Seasonal Frequency of Cyclones and Depressions,nan,1,True,1,1,1.0,,881
67,,Weekly,,Department for Promotion of industry and Internal Trade,Weekly,Department for Promotion of industry and Internal Trade,29/12/2022,3/3/2023,27/6/2025,,,text/csv,,1,data.gov.in/resource/weekly-patent-application-granted,,,,,Central,,,nan,Ministry of Commerce and Industry;Department for Promotion of industry and Internal Trade | Department for Promotion of industry and Internal Trade,1.0,,,,data.gov.in,Industries,,Weekly Patent Application Granted,Dataset,4.0,Patent Application,7412118.0,5,True,1,0,nan,,868
68,,Annual,,"India Meteorological Department (IMD), Pune",Annual,"India Meteorological Department (IMD), Pune",1/8/2022,16/1/2023,16/1/2023,,,text/csv,,1,data.gov.in/resource/monthly-seasonal-and-annual-mean-temperature-series-period-1901-2021,,,,,Central,,,nan,"Ministry of Earth Sciences;India Meteorological Department (IMD);India Meteorological Department (IMD), Pune | India Meteorological Department (IMD), Pune",0.0,,,,data.gov.in,Science and Technology;Earth Sciences | Earth Sciences,,"Monthly, Seasonal and Annual Mean Temperature Series for the period 1901-2021",Dataset,1.0,All India Seasonal and Annual Temperature Series,nan,1,True,0,0,nan,,866
69,,Annual,,Office of the Economic Adviser,Annual,Office of the Economic Adviser,14/9/2017,21/9/2017,27/6/2025,,,text/csv,,0,data.gov.in/resource/eight-core-industries-base-year-2011-12-till-last-financial-year,,,,,Central,,,"Since October, 2016, Electricity generation data from Renewable sources is also included; NA: Not Applicable/Available",Ministry of Commerce and Industry;Department for Promotion of industry and Internal Trade;Office of the Economic Adviser | Office of the Economic Adviser,1.0,,,,data.gov.in,Industries;Manufacturing | Industries;Manufacturing,,Eight Core Industries (Base Year 2011-12) till last financial year,Dataset,nan,Eight Core Industries,4260981.0,4,True,1,1,1.0,,866
70,,Biannual,,Ministry of Electronics and Information Technology (MeitY),Annual,Ministry of Electronics and Information Technology (MeitY),9/11/2021,23/11/2021,27/1/2022,,,text/csv,,0,data.gov.in/resource/list-all-startups-meity-startup-hub,,,,,Central,,,"India is home to one of the most vibrant startup ecosystems with close to 8000 tech startups, making it the 2nd largest startup ecosystem in the world. Hence, innovation and entrepreneurship is the emerging focus area that is being aggressively promoted to give fillip to the Indian economy. Ministry of Electronics & Information Technology, Government of India is leading and facilitating a gamut of Innovation and IPR related activities across the country towards expansion of this ecosystem. In order to facilitate MeitY vision of promoting technology innovation, startups and creation of Intellectual Properties, a nodal entity called MeitY Startup Hub has been setup under its aegis. MSH will act as a national coordination, facilitation and monitoring center that will integrate all the incubation centers, startups and innovation related activities of MeitY.",Ministry of Electronics and Information Technology (MeitY) | Ministry of Electronics and Information Technology (MeitY),0.0,,,,data.gov.in,Information and Communications;Information and Technology | Information and Broadcasting;Information and Technology;Information and Broadcasting;Information and Technology;Information and Broadcasting;Information and Technology;Information and Broadcasting;Information and Technology;Information and Broadcasting;Information and Technology;Information and Broadcasting;Information and Technology;Information and Broadcasting;Information and Technology;Information and Broadcasting;Information and Technology,,List of all Startups from Meity Startup Hub ,Dataset,4.0,Startup Hub,nan,1,True,1,0,1.0,,861
71,,Daily,,"Ministry of Micro, Small and Medium Enterprises",Daily,"Ministry of Micro, Small and Medium Enterprises",19/11/2019,21/11/2019,2/1/2020,,,application/json,,1,data.gov.in/resource/list-msme-registered-units-under-udyog-aadhaar-memorandum-maharashtra,,,,,Central,,,"Dataset can be downloaded in csv format by using the provided URL and passing appropriate parameter options such as:- api-Key: Generate your personal API key (sample key returns maximum of 10 records at a time) and use that key to consume more than 10 records at a time (Example: api-key=Your API Key); format: Fill format as 'csv' to download the dataset in csv format (Example: format=csv); offset: User can download the dataset from 1st record onwards by setting offset (Example: offset=0), If user wants to download more records than the limit set then they can use the previously set limit as the new offset; limit: User can download maximum of 10000 records in one go (Example: limit=10000).","Ministry of Micro, Small and Medium Enterprises | Ministry of Micro, Small and Medium Enterprises",1.0,,,,data.gov.in,Medium;Micro;Small Scale | Medium;Micro;Small Scale,,List of MSME Registered Units under Udyog Aadhaar Memorandum - Maharashtra,Dataset,52.0,List of MSME Registered Units  under Udyog Aadhaar Memorandum till last date,6714764.0,2,False,0,1,0.0,,843
72,,Annual,,Department of Chemicals and Petrochemicals,Annual,Department of Chemicals and Petrochemicals,24/1/2023,24/1/2023,24/1/2023,,,text/csv,,0,data.gov.in/resource/imports-major-chemical-product-wise-group-wise-2014-15-2021-22,,,,,Central,,,"Data Figure Quantity in MT and Values in Rs Lakh. Data source in respect of Imports of Chemicals is Directorate General of Commercial Intelligence and Statistics (DGCIS), Kolkata. Product - It includes those chemical products which are being monitored by S&M Division of D/o Chemicals & Petrochemicals.",Ministry of Chemicals and Fertilizers;Department of Chemicals and Petrochemicals | Department of Chemicals and Petrochemicals,0.0,,,,data.gov.in,Industries;Chemicals and Petrochemicals,,Imports of Major Chemical - Product-wise / Group-wise from 2014-15 to 2021-22,Dataset,nan,Import of Major Chemicals - Product-wise / Group-wise,nan,1,True,1,0,nan,,841
73,,Annual,,"India Meteorological Department (IMD), Pune",Annual,"India Meteorological Department (IMD), Pune",13/11/2017,18/12/2017,10/12/2021,,,text/csv,,0,data.gov.in/resource/subdivision-wise-rainfall-and-its-departure-1901-2015,,,,,Central,,,"Figures of  Actual, Percentage departure, Mean and Standard deviation are in mm; NA: Not Applicable/Not Available.","Ministry of Earth Sciences;India Meteorological Department (IMD);India Meteorological Department (IMD), Pune | India Meteorological Department (IMD), Pune",0.0,,,,data.gov.in,Science and Technology;Atmospheric Science;Earth Sciences | Science and Technology;Atmospheric Science;Earth Sciences,,Subdivision wise Rainfall and its departure from 1901 to 2015,Dataset,nan,Rainfall in India,nan,1,True,1,1,1.0,,836
74,,Daily,,National Water Informatics Centre,Daily,National Water Informatics Centre,25/7/2023,25/7/2023,6/12/2023,,,text/csv,,1,data.gov.in/resource/daily-rainfall-data-india-meteorological-department-imd-grid-model-agency-during-july-2023,,,,,Central,,,Average rainfall in millimetre (MM),"Department of Water Resources, River Development & Ganga Rejuvenation;Ministry of Jal Shakti;National Water Informatics Centre | National Water Informatics Centre",1.0,,,,data.gov.in,Water Resources,,Daily Rainfall data from India Meteorological Department (IMD GRID MODEL) Agency during July 2023,Dataset,2.0,Rainfall,7210754.0,1,True,1,0,nan,,826
75,,Five Yearly,,"Ministry of Environment, Forest and Climate Change",nan,"Ministry of Environment, Forest and Climate Change",13/6/2023,15/6/2023,15/6/2023,,,text/csv,,0,data.gov.in/resource/elephant-population-1993-2017,,,,,Central,,,nan,"Ministry of Environment, Forest and Climate Change | Ministry of Environment, Forest and Climate Change",0.0,,,,data.gov.in,Environment and Forest,,Elephant Population from 1993 to 2017,Dataset,2.0,Elephant Reserve and Population Status,nan,1,True,0,0,nan,,811
76,,Daily,,"NSDI India GEO Portal, National Spatial Data Infrastructure (NSDI)",Daily,"NSDI India GEO Portal, National Spatial Data Infrastructure (NSDI)",13/3/2014,13/3/2014,10/12/2021,,,WMS,,0,data.gov.in/resource/web-map-service-362-osm-topo-sheets-survey-india-and-panchromatic-imagery-bhuvan-andhra,,,,,Central,,,nan,"Ministry of Science and Technology;Department of Science and Technology (DST);NSDI India GEO Portal, National Spatial Data Infrastructure (NSDI) | NSDI India GEO Portal, National Spatial Data Infrastructure (NSDI)",nan,,,,data.gov.in,All;Agriculture;Water and Sanitation;Information and Communications;Defence;Environment and Forest;Water Resources;Governance and Administration;Infrastructure;Social Development;Transport;Travel and Tourism | All;Agriculture;Water and Sanitation;Information and Communications;Defence;Environment and Forest;Water Resources;Governance and Administration;Infrastructure;Social Development;Transport;Travel and Tourism,,Web Map Service from  362 OSM Topo Sheets  of  Survey of India and Panchromatic imagery of Bhuvan  in Andhra Pradesh,Dataset,30.0,Web Map Service (WMS) from Survey of India OSM Data and Bhuvan for Andhra Pradesh,6622464.0,2,False,0,1,0.0,,808
77,,Annual,,Ministry of Tourism,Annual,Ministry of Tourism,10/5/2022,26/7/2022,26/7/2022,,,text/csv,,0,data.gov.in/resource/inbound-tourism-foreign-tourist-arrivals-arrivals-non-resident-indians-and-international,,,,,Central,,,"Source - Bureau of Immigration, GOI, NA - Not Available.",Ministry of Tourism | Ministry of Tourism,0.0,,,,data.gov.in,Travel and Tourism,,"Inbound Tourism Foreign Tourist Arrivals, Arrivals of Non-Resident Indians and International Tourist Arrivals 1981-2020",Dataset,nan,India Tourism Statistics,nan,1,True,1,0,1.0,,807
78,,Monthly,,Ministry of Statistics and Programme Implementation,Monthly,Ministry of Statistics and Programme Implementation,17/7/2023,18/9/2023,18/9/2023,,,application/vnd.ms-excel,,1,data.gov.in/resource/state-level-consumer-price-index-ruralurban-upto-may-2023,,,,,Central,,,nan,Ministry of Statistics and Programme Implementation | Ministry of Statistics and Programme Implementation,0.0,,,,data.gov.in,Economy;Prices;Finance;Economy;Statistics,,State Level Consumer Price Index (Rural/Urban) upto May 2023,Dataset,2.0,State Level Consumer Price Index (Rural/Urban),nan,1,True,1,0,nan,,799
79,,Half yearly,,Department of Posts,Half yearly,Department of Posts,9/5/2025,9/5/2025,3/6/2025,,,application/geo+json,,1,data.gov.in/resource/delivery-post-office-pincode-boundary,,,,,Central,,,nan,Ministry of Communications;Department of Posts | Department of Posts,0.0,,,,data.gov.in,All,,Delivery Post office Pincode Boundary,Dataset,nan,All India Pincode Boundary Geo JSON,nan,2,True,0,0,nan,,798
80,,Annual,,Department of Justice,Annual,Department of Justice,24/2/2023,24/2/2023,24/2/2023,,,application/vnd.ms-excel,,0,data.gov.in/resource/district-wise-tele-law-case-registration-and-advice-enabled-data-fy-2021-22-2022-23,,,,,Central,,,Data is upto 31st January 2023 for the FY 2022-23.,Ministry of Law and Justice;Department of Justice | Department of Justice,0.0,,,,data.gov.in,Judiciary,,District-wise Tele-Law Case Registration and Advice Enabled Data from FY 2021-22 to 2022-23,Dataset,7.0,Tele-Law Program under Designing Innovative Solution for Holistic Access to Justice (DISHA),nan,1,True,0,0,nan,,776
81,,Quarterly,,Rajya Sabha,Quarterly,Rajya Sabha,18/1/2024,23/1/2024,23/1/2024,,,text/csv,,0,data.gov.in/resource/stateut-wise-details-rainfall-observed-during-monsoon-season-2020-2022,,,,,Central,,,"Source - RAJYA SABHA SESSION - 260 UNSTARRED QUESTION No 25. ANSWERED ON, 20TH JULY 2023. HRF - Heavy Rainfall. VHRF - Very Heavy Rainfall. EHRF - Extremely Heavy Rainfall. UT - Union Territory.",Rajya Sabha | Rajya Sabha,0.0,,,,data.gov.in,All | Science and Technology,,State/UT-wise Details of the Rainfall Observed During the Monsoon Season from 2020 to 2022,Dataset,9.0,Answers Data of Rajya Sabha Questions for Session 260,0.0,1,True,0,0,nan,,774
82,,Monthly,,Office of the Economic Adviser,Monthly,Office of the Economic Adviser,14/9/2017,21/9/2017,27/6/2025,,,text/csv,,0,data.gov.in/resource/eight-core-industries-base-year-2011-12-till-last-month,,,,,Central,,,"Data of latest month is provisional. Revision has been made based on revised data received for corresponding month of previous year in respect of Coal, Crude Oil, Refinery Products, Fertilizer, Steel, Cement and Electricity. Accordingly, indices for the month of previous year have been revised.; Since October, 2016, Electricity generation data from Renewable sources is also included; NA: Not Applicable/Available",Ministry of Commerce and Industry;Department for Promotion of industry and Internal Trade;Office of the Economic Adviser | Office of the Economic Adviser,1.0,,,,data.gov.in,Industries;Manufacturing | Industries;Manufacturing,,Eight Core Industries (Base Year 2011-12) till last month,Dataset,2.0,Eight Core Industries,3630481.0,4,True,1,1,1.0,,770
83,,Quarterly,,Rajya Sabha,Others,Rajya Sabha,25/3/2022,30/3/2022,30/3/2022,,,text/csv,,0,data.gov.in/resource/stateut-wise-number-udid-card-generated-28072021,,,,,Central,,,Source: RAJYA SABHA SESSION - 254 UNSTARRED QUESTION No 1917.,Rajya Sabha | Rajya Sabha,0.0,,,,data.gov.in,All | Social Development,,State/UT-wise Number of UDID Card Generated as on 28.07.2021,Dataset,nan,Answers Data of Rajya Sabha Questions for Session 254,0.0,1,True,1,0,1.0,,766
84,,Annual,,Department of Youth Affairs,Annual,Department of Youth Affairs,30/5/2023,28/6/2023,14/2/2025,,,text/csv,,0,data.gov.in/resource/state-wise-details-youth-hostels-2023,,,,,Central,,,okk added,Ministry of Youth Affairs and Sports;Department of Youth Affairs | Department of Youth Affairs,0.0,,,,data.gov.in,Youth and Sports | Youth and Sports,,State-wise Details of Youth Hostels - 2023,Dataset,3.0,Youth Hostel Scheme,nan,1,True,0,0,nan,,760
85,,Monthly,,Petroleum Planning & Analysis Cell (PPAC),Monthly,Petroleum Planning & Analysis Cell (PPAC),27/4/2023,27/4/2023,27/4/2023,,,text/csv,,0,data.gov.in/resource/import-export-petroleum-products-volumes-year-2022-23,,,,,Central,,,"Source: Oil Companies & DGCIS , All Figures are provisionalNotes:RIL SEZ imports/exports included in country's import/export data^LNG import not included& Others in import include Paraffin wax, Petroleum Jelly, Aviation Gas, MTBE, Reformate etc.@ Nepal sales by IOCL, Nepal and Bhutan sales by BPCL are considered in total exports with average Rupee-US$ exchange rate! RIL SEZ's MS export includes export of Alkylates# ATF exports by RIL does not include ATF sales to foreign going airlines% Others in export include Benzene, Hexane, MTO, Sulphur etc. Import & Export Quantity in '000 Metric Tonnes.",Ministry of Petroleum and Natural Gas;Petroleum Planning & Analysis Cell (PPAC) | Petroleum Planning & Analysis Cell (PPAC),0.0,,,,data.gov.in,Non Renewable,,Import & Export of Petroleum Products - Volumes for Year - 2022-23,Dataset,nan,Import & Export of Petroleum Products,nan,1,True,1,0,1.0,,755
86,,Quarterly,,Ministry of Statistics and Programme Implementation,Quarterly,Ministry of Statistics and Programme Implementation,4/4/2022,5/4/2022,9/6/2022,,,text/csv,,1,data.gov.in/resource/quarterly-estimates-gdp-constant-2011-12-prices-2011-12-2022-23,,,,,Central,,,nan,Ministry of Statistics and Programme Implementation | Ministry of Statistics and Programme Implementation,0.0,,,,data.gov.in,Finance;Economy;Statistics | Macro Economy,,Quarterly Estimates of GDP at Constant (2011-12) Prices from 2011-12 to 2022-23,Dataset,nan,Quarterly Estimates of GDP at Constant Prices,nan,1,True,1,0,nan,,747
87,,Annual,,National Crime Records Bureau (NCRB),Annual,National Crime Records Bureau (NCRB),10/4/2024,12/4/2024,2/6/2025,,,text/csv,,0,data.gov.in/resource/stateut-wise-number-indian-penal-code-ipc-crimes-2020-2022,,,,,Central,,,"Crime Rate is calculated as Crime per one lakh of population. Population Source - Report of Technical group on Population Projections(July, 2020) National Commission on Population, MoHFW. As per data provided by States/Uts. Clarifications are pending from Nagaland. States/UTs may not be compared purely on the basis of crime figures.",Ministry of Home Affairs;Department of States;National Crime Records Bureau (NCRB) | National Crime Records Bureau (NCRB),0.0,,,,data.gov.in,Police | Army,,State/UT-wise Number of Indian Penal Code (IPC) Crimes from 2020 to 2022,Dataset,nan,Crime in India - 2022,0.0,1,True,1,0,nan,,732
88,,Daily,,"Ministry of Micro, Small and Medium Enterprises",Daily,"Ministry of Micro, Small and Medium Enterprises",19/11/2019,21/11/2019,2/1/2020,,,application/json,,1,data.gov.in/resource/list-msme-registered-units-under-udyog-aadhaar-memorandum-andhra-pradesh,,,,,Central,,,"Dataset can be downloaded in csv format by using the provided URL and passing appropriate parameter options such as:- api-Key: Generate your personal API key (sample key returns maximum of 10 records at a time) and use that key to consume more than 10 records at a time (Example: api-key=Your API Key); format: Fill format as 'csv' to download the dataset in csv format (Example: format=csv); offset: User can download the dataset from 1st record onwards by setting offset (Example: offset=0), If user wants to download more records than the limit set then they can use the previously set limit as the new offset; limit: User can download maximum of 10000 records in one go (Example: limit=10000).","Ministry of Micro, Small and Medium Enterprises | Ministry of Micro, Small and Medium Enterprises",1.0,,,,data.gov.in,Medium;Micro;Small Scale | Medium;Micro;Small Scale,,List of MSME Registered Units under Udyog Aadhaar Memorandum - Andhra Pradesh,Dataset,19.0,List of MSME Registered Units  under Udyog Aadhaar Memorandum till last date,6714764.0,2,False,0,1,0.0,,727
89,,Annual,,"India Meteorological Department (IMD), Pune",Annual,"India Meteorological Department (IMD), Pune",1/8/2022,16/1/2023,16/1/2023,,,text/csv,,1,data.gov.in/resource/rainfall-ne-india-and-its-departure-normal-monsoon-session-1901-2021,,,,,Central,,,nan,"Ministry of Earth Sciences;India Meteorological Department (IMD);India Meteorological Department (IMD), Pune | India Meteorological Department (IMD), Pune",0.0,,,,data.gov.in,Science and Technology;Earth Sciences | Earth Sciences,,Rainfall in NE India and its departure from normal for Monsoon session from 1901-2021,Dataset,3.0,Departure of Rainfall data,nan,1,True,0,0,nan,,710
90,,One-time,,Geological Survey of India,One-time,Geological Survey of India,9/5/2022,12/5/2022,12/5/2022,,,WMS,,1,data.gov.in/resource/digital-seismotectonic-atlas-india-and-its-environs-0,,,,,Central,,,nan,Ministry of Mines;Geological Survey of India | Geological Survey of India,1.0,,,,data.gov.in,Governance and Administration;Union/State Government Administration;Union/State Government Administration;Mining;Mining;Coastal & Island;Earth Sciences;Marine Science;Polar Science;Research & Development | Earth Sciences,,Digital Seismotectonic Atlas of India and its Environs,Dataset,5.0,BHUKOSH,7073635.0,2,True,0,0,nan,,702
91,,Biannual,,Ministry of Jal Shakti,Biannual,Ministry of Jal Shakti,30/5/2023,31/5/2023,31/5/2023,,,text/csv,,0,data.gov.in/resource/disclosed-ground-water-level-data-under-atal-bhujal-yojana-2015-2022,,,,,Central,,,nan,"Department of Water Resources, River Development & Ganga Rejuvenation;Ministry of Jal Shakti | Ministry of Jal Shakti",0.0,,,,data.gov.in,Ground Water,,Disclosed Ground Water Level Data under Atal Bhujal Yojana from 2015 to 2022,Dataset,5.0,Ground Water Level Data under Atal Bhujal Yojana,nan,1,True,0,0,nan,,680
92,,One-time,,Geological Survey of India,One-time,Geological Survey of India,8/8/2013,8/8/2013,12/8/2021,,,WMS,,0,data.gov.in/resource/digital-seismotectonic-atlas-india-and-its-environs,,,,,Central,,,Seismotectonic Atlas of India and its Environs on scale 1:1 million published in 2000,Ministry of Mines;Geological Survey of India | Geological Survey of India,0.0,,,,data.gov.in,Mining;Others | Mining;Others,,Digital Seismotectonic Atlas of India and its Environs,Dataset,59.0,Digital Seismotectonic Atlas of India and its Environs,nan,2,False,0,1,0.0,,676
93,,Annual,,Ministry of Road Transport and Highways,Annual,Ministry of Road Transport and Highways,28/4/2014,8/5/2014,1/9/2016,,,text/csv,,0,data.gov.in/resource/number-newly-registered-motor-vehicles-2009-10-and-2010-11-and-number-registered-motor-25,,,,,Central,,,All figures are in numbers; Source: Offices of State Transport Commissioners/UT Administrations; NA-Not Reported; The data has been sourced from Road Transport Year Book-2009-10 & 2010-11.,Ministry of Road Transport and Highways | Ministry of Road Transport and Highways,nan,,,,data.gov.in,Transport;Road Transport | Transport;Road Transport,,Number of Newly Registered Motor Vehicles in 2009-10 and 2010-11 and Number of Registered Motor Vehicles as on 31st March 2010 and as on 31st March 2011 in Uttar Pradesh,Dataset,nan,Number of Newly Registered Motor Vehicles and Number of Registered Motor Vehicles in Uttar Pradesh,nan,1,True,1,1,1.0,,675
94,,Quarterly,,Ministry of Statistics and Programme Implementation,Quarterly,Ministry of Statistics and Programme Implementation,4/4/2022,5/4/2022,2/6/2025,,,text/csv,,1,data.gov.in/resource/quarterly-estimates-gdp-current-prices-2011-12-series-2011-12-2022-23,,,,,Central,,,nan,Ministry of Statistics and Programme Implementation | Ministry of Statistics and Programme Implementation,0.0,,,,data.gov.in,Economy;Macro Economy;Finance;Economy | Macro Economy,,"Quarterly Estimates of GDP at Current Prices, 2011-12 Series From 2011-12 to 2022-23",Dataset,1.0,Quarterly Estimates of GDP at Current Prices,nan,1,True,1,1,nan,,670
95,,One-time,,National Water Informatics Centre,One-time,National Water Informatics Centre,16/9/2022,28/9/2022,28/9/2022,,,application/zip,,1,data.gov.in/resource/boundaries-agro-climatic-regions,,,,,Central,,,"This zip contains the various formats i.e .shp, .shx,.dbf,.prj,.sbn, .cpg,.dbf, This zip contains all the information of all agro-climatic regions of entire country","Department of Water Resources, River Development & Ganga Rejuvenation;Ministry of Jal Shakti;National Water Informatics Centre | National Water Informatics Centre",0.0,,,,data.gov.in,Ground Water;Surface Water | Ground Water;Surface Water,,Boundaries of Agro-climatic regions,Dataset,nan,Boundaries of Region,nan,2,True,0,0,nan,,663
96,,Annual,,Department of Health and Family Welfare,Annual,Department of Health and Family Welfare,10/2/2017,28/3/2017,10/12/2021,,,text/csv,,0,data.gov.in/resource/state-wise-population-decadal-population-growth-rate-and-population-density-2011-0,,,,,Central,,,"For Manipur: Updated population of Manipur as per the order (9/25/2013-CD(Cen.) dtd 07-01-2014) of RGI; For Andhra Pradesh and Telangana: Data collected from the states; Source: Population Census of india, 2011; office of Registrar General & Census Commissioner, India",Ministry of Health and Family Welfare;Department of Health and Family Welfare | Department of Health and Family Welfare,nan,,,,data.gov.in,Health and Family welfare;Family Welfare;Health | Health and Family welfare;Family Welfare;Health,,"State-wise Population, Decadal Population Growth rate and Population Density - 2011",Dataset,nan,Rural Health Statistics - 2016,nan,1,True,1,1,1.0,,658
97,,Quarterly,,Rajya Sabha,Quarterly,Rajya Sabha,17/5/2023,19/5/2023,19/5/2023,,,text/csv,,0,data.gov.in/resource/state-wise-details-infant-mortality-rate-institutional-delivery-and-prevalence-under,,,,,Central,,,"Source - Rajya Sabha Session - 258 Unstarred Question No. 142 Answered on 07 December, 2022. NA - Not Available. Source - National Family Health Survey-5 (2019-21). Data of West Bengal for Infant Mortality Rate - ST is based on 250-499 unweighted person-years of exposure to the risk of death.",Rajya Sabha | Rajya Sabha,0.0,,,,data.gov.in,All | Social Development,,"State-wise Details of the Infant Mortality Rate, Institutional Delivery and Prevalence of Under Weight Children under five years of Age (in Reply to Unstarred Question on 07 December, 2022)",Dataset,nan,Answers Data of Rajya Sabha Questions for Session 258,0.0,1,True,1,0,nan,,657
98,,Quarterly,,Ministry of Labour and Employment,Quarterly,Ministry of Labour and Employment,20/3/2023,25/3/2023,18/2/2025,,,text/csv,,0,data.gov.in/resource/sector-wise-estimated-number-workers-under-fourth-round-quarterly-employment-survey-jan,,,,,Central,,,nan,Ministry of Labour and Employment | Ministry of Labour and Employment,0.0,,,,data.gov.in,Employment,,Sector wise Estimated Number of Workers under Fourth Round of Quarterly Employment Survey from Jan to March 2022,Dataset,3.0,Quarterly Employment Survey (QES),nan,1,True,1,0,nan,,644
99,,One-time,,National Water Informatics Centre,One-time,National Water Informatics Centre,16/9/2022,28/9/2022,28/9/2022,,,application/zip,,1,data.gov.in/resource/shape-file-reservoir,,,,,Central,,,"This zip contains the various formats i.e .shp, .shx,.dbf,.prj,.sbn, .cpg,.dbf. This zip contains the information of all major and minor reservoir of entire country. This is a point layer","Department of Water Resources, River Development & Ganga Rejuvenation;Ministry of Jal Shakti;National Water Informatics Centre | National Water Informatics Centre",0.0,,,,data.gov.in,Ground Water;Surface Water | Ground Water;Surface Water,,Shape file of reservoir,Dataset,nan,Boundaries of Water Resources Projects,nan,2,True,0,0,nan,,640
