gender,age,differentlyAbledStatus,educationQualification,currentStateCode,currentStateName,currentDistrictCode,currentDistrictName,permanentStateCode,permanentStateName,primaryOccupation,DataGovUpdateDate
FEMALE,27,NOT DISABLED,NOT LITERATE,8,RAJASTHAN,86,AJMER,8,RAJASTHAN,AGRICULTURE,18-12-2023
FEMALE,20,NOT DISABLED,HIGHER SECONDARY,18,ASSAM,280,BARPETA,18,ASSAM,DOMESTIC AND HOUSEHOLD WORKERS,18-12-2023
FEMALE,34,NOT DISABLED,NOT LITERATE,8,RAJASTHAN,86,AJMER,8,RAJASTHAN,AGRICULTURE,18-12-2023
FEMALE,27,NOT DISABLED,GRADUATE,10,BIHAR,201,KATIHAR,10,BIHAR,APPAREL,18-12-2023
FEMALE,27,NOT DISABLED,MIDDLE,27,MAHARASHTRA,492,RATNAGIRI,27,MAHARASHTRA,DOMESTIC AND HOUSEHOLD WORKERS,18-12-2023
FEMALE,20,NOT DISABLED,NOT LITERATE,9,UTTAR PRADESH,158,KAUSHAMBI,9,UTTAR PRADESH,AGRICULTURE,18-12-2023
FEMALE,24,NOT DISABLED,GRADUATE,23,MADHYA PRADESH,390,ANUPPUR,23,MADHYA PRADESH,APPAREL,18-12-2023
FEMALE,27,NOT DISABLED,SECONDARY,8,RAJASTHAN,100,GANGANAGAR,8,RAJASTHAN,AGRICULTURE,18-12-2023
FEMALE,28,NOT DISABLED,GRADUATE,3,PUNJAB,42,RUPNAGAR,3,PUNJAB,EDUCATION,18-12-2023
MALE,41,NOT DISABLED,MIDDLE,33,TAMIL NADU,595,VELLORE,33,TAMIL NADU,AGRICULTURE,18-12-2023
MALE,29,NOT DISABLED,LITERATE WITHOUT FORMAL SCHOOLING,1,JAMMU AND KASHMIR,11,PULWAMA,1,JAMMU AND KASHMIR,CONSTRUCTION,18-12-2023
FEMALE,20,NOT DISABLED,HIGHER SECONDARY,9,UTTAR PRADESH,156,KANPUR DEHAT,9,UTTAR PRADESH,AGRICULTURE,18-12-2023
FEMALE,32,NOT DISABLED,GRADUATE,27,MAHARASHTRA,665,PALGHAR,27,MAHARASHTRA,EDUCATION,18-12-2023
MALE,20,NOT DISABLED,HIGHER SECONDARY,24,GUJARAT,438,AHMADABAD,24,GUJARAT,ELECTRONICS & HW,18-12-2023
FEMALE,57,NOT DISABLED,NOT LITERATE,8,RAJASTHAN,86,AJMER,8,RAJASTHAN,AGRICULTURE,18-12-2023
FEMALE,22,NOT DISABLED,MIDDLE,10,BIHAR,195,DARBHANGA,10,BIHAR,AGRICULTURE,18-12-2023
MALE,35,NOT DISABLED,MIDDLE,24,GUJARAT,459,SURAT,24,GUJARAT,ELECTRONICS & HW,18-12-2023
FEMALE,25,NOT DISABLED,HIGHER SECONDARY,9,UTTAR PRADESH,185,SULTANPUR,9,UTTAR PRADESH,AGRICULTURE,18-12-2023
FEMALE,20,NOT DISABLED,PRIMARY,20,JHARKHAND,337,PAKUR,20,JHARKHAND,AGRICULTURE,18-12-2023
FEMALE,30,NOT DISABLED,GRADUATE,27,MAHARASHTRA,480,KOLHAPUR,27,MAHARASHTRA,AGRICULTURE,18-12-2023
FEMALE,21,NOT DISABLED,SECONDARY,8,RAJASTHAN,86,AJMER,8,RAJASTHAN,AGRICULTURE,18-12-2023
FEMALE,20,NOT DISABLED,HIGHER SECONDARY,22,CHHATTISGARH,642,SUKMA,22,CHHATTISGARH,AGRICULTURE,18-12-2023
FEMALE,27,NOT DISABLED,HIGHER SECONDARY,9,UTTAR PRADESH,171,MORADABAD,9,UTTAR PRADESH,DOMESTIC AND HOUSEHOLD WORKERS,18-12-2023
MALE,29,NOT DISABLED,HIGHER SECONDARY,33,TAMIL NADU,584,SALEM,33,TAMIL NADU,TOURISM & HOSPITALITY,18-12-2023
FEMALE,21,NOT DISABLED,NOT LITERATE,9,UTTAR PRADESH,140,AYODHYA,9,UTTAR PRADESH,AGRICULTURE,18-12-2023
MALE,51,NOT DISABLED,MIDDLE,24,GUJARAT,441,BANAS KANTHA,24,GUJARAT,AGRICULTURE,18-12-2023
FEMALE,20,NOT DISABLED,HIGHER SECONDARY,9,UTTAR PRADESH,182,SIDDHARTH NAGAR,9,UTTAR PRADESH,AGRICULTURE,18-12-2023
FEMALE,30,NOT DISABLED,PRIMARY,7,DELHI,670,SOUTH EAST,7,DELHI,LEATHER INDUSTRY WORKS,18-12-2023
MALE,49,NOT DISABLED,BELOW PRIMARY,33,TAMIL NADU,592,TIRUNELVELI,33,TAMIL NADU,LEATHER INDUSTRY WORKS,18-12-2023
MALE,31,NOT DISABLED,PRIMARY,19,WEST BENGAL,311,DINAJPUR UTTAR,19,WEST BENGAL,CONSTRUCTION,18-12-2023
MALE,26,NOT DISABLED,GRADUATE,2,HIMACHAL PRADESH,25,SOLAN,3,PUNJAB,OFFICE ADMINISTRATION & FACILITY MANAGEMENT,18-12-2023
FEMALE,19,NOT DISABLED,NOT LITERATE,9,UTTAR PRADESH,127,BALRAMPUR,9,UTTAR PRADESH,MISCELLANEOUS,18-12-2023
MALE,28,NOT DISABLED,GRADUATE,19,WEST BENGAL,306,PURBA BARDHAMAN,19,WEST BENGAL,HANDICRAFTS & CARPETS,18-12-2023
MALE,25,NOT DISABLED,GRADUATE,8,RAJASTHAN,97,DAUSA,8,RAJASTHAN,CONSTRUCTION,18-12-2023
MALE,23,NOT DISABLED,SECONDARY,27,MAHARASHTRA,490,PUNE,27,MAHARASHTRA,EDUCATION,18-12-2023
FEMALE,41,NOT DISABLED,PRIMARY,29,KARNATAKA,547,SHIVAMOGGA,29,KARNATAKA,AGRICULTURE,18-12-2023
MALE,41,NOT DISABLED,MIDDLE,24,GUJARAT,459,SURAT,24,GUJARAT,AGRICULTURE,18-12-2023
MALE,33,NOT DISABLED,GRADUATE,22,CHHATTISGARH,378,DURG,22,CHHATTISGARH,AUTOMOBILE & TRANSPORTATION,18-12-2023
FEMALE,25,NOT DISABLED,MIDDLE,10,BIHAR,206,MADHUBANI,10,BIHAR,CAPITAL GOODS & MANUFACTURING,18-12-2023
MALE,46,NOT DISABLED,MIDDLE,27,MAHARASHTRA,484,NAGPUR,27,MAHARASHTRA,AUTOMOBILE & TRANSPORTATION,18-12-2023
MALE,27,NOT DISABLED,SECONDARY,8,RAJASTHAN,90,BARMER,8,RAJASTHAN,AGRICULTURE,18-12-2023
MALE,18,NOT DISABLED,HIGHER SECONDARY,10,BIHAR,206,MADHUBANI,10,BIHAR,AGRICULTURE,18-12-2023
FEMALE,24,NOT DISABLED,HIGHER SECONDARY,18,ASSAM,280,BARPETA,18,ASSAM,AGRICULTURE,18-12-2023
MALE,19,NOT DISABLED,DIPLOMA/CERTIFICATE COURSE,9,UTTAR PRADESH,185,SULTANPUR,9,UTTAR PRADESH,MINING,18-12-2023
FEMALE,34,NOT DISABLED,PRIMARY,3,PUNJAB,36,LUDHIANA,3,PUNJAB,APPAREL,18-12-2023
MALE,26,NOT DISABLED,LITERATE WITHOUT FORMAL SCHOOLING,27,MAHARASHTRA,486,NANDURBAR,27,MAHARASHTRA,AGRICULTURE,18-12-2023
FEMALE,54,NOT DISABLED,MIDDLE,19,WEST BENGAL,304,24 PARAGANAS SOUTH,19,WEST BENGAL,DOMESTIC AND HOUSEHOLD WORKERS,18-12-2023
FEMALE,47,NOT DISABLED,NOT LITERATE,9,UTTAR PRADESH,152,JAUNPUR,9,UTTAR PRADESH,AGRICULTURE,18-12-2023
MALE,18,NOT DISABLED,HIGHER SECONDARY,9,UTTAR PRADESH,168,MAU,9,UTTAR PRADESH,OFFICE ADMINISTRATION & FACILITY MANAGEMENT,18-12-2023
FEMALE,23,NOT DISABLED,GRADUATE,9,UTTAR PRADESH,123,AZAMGARH,9,UTTAR PRADESH,AGRICULTURE,18-12-2023
FEMALE,45,NOT DISABLED,SECONDARY,14,MANIPUR,255,IMPHAL EAST,14,MANIPUR,CONSTRUCTION,18-12-2023
MALE,28,NOT DISABLED,SECONDARY,9,UTTAR PRADESH,150,HARDOI,9,UTTAR PRADESH,AGRICULTURE,18-12-2023
FEMALE,33,NOT DISABLED,MIDDLE,9,UTTAR PRADESH,126,BALLIA,9,UTTAR PRADESH,CONSTRUCTION,18-12-2023
FEMALE,48,NOT DISABLED,SECONDARY,16,TRIPURA,654,GOMATI,16,TRIPURA,AGRICULTURE,18-12-2023
FEMALE,27,NOT DISABLED,HIGHER SECONDARY,9,UTTAR PRADESH,177,SAHARANPUR,9,UTTAR PRADESH,AGRICULTURE,18-12-2023
MALE,27,NOT DISABLED,GRADUATE,10,BIHAR,206,MADHUBANI,10,BIHAR,CAPITAL GOODS & MANUFACTURING,18-12-2023
MALE,30,NOT DISABLED,GRADUATE,24,GUJARAT,440,ANAND,24,GUJARAT,HEALTHCARE,18-12-2023
MALE,35,NOT DISABLED,PRIMARY,27,MAHARASHTRA,497,THANE,27,MAHARASHTRA,PROFESSIONALS,18-12-2023
FEMALE,26,NOT DISABLED,GRADUATE,9,UTTAR PRADESH,179,BHADOHI,9,UTTAR PRADESH,AGRICULTURE,18-12-2023
MALE,20,NOT DISABLED,SECONDARY,9,UTTAR PRADESH,150,HARDOI,9,UTTAR PRADESH,AGRICULTURE,18-12-2023
FEMALE,18,NOT DISABLED,NOT LITERATE,9,UTTAR PRADESH,130,BAREILLY,9,UTTAR PRADESH,AGRICULTURE,18-12-2023
MALE,34,NOT DISABLED,SECONDARY,18,ASSAM,295,LAKHIMPUR,18,ASSAM,MISCELLANEOUS,18-12-2023
FEMALE,24,NOT DISABLED,GRADUATE,9,UTTAR PRADESH,131,BASTI,9,UTTAR PRADESH,APPAREL,18-12-2023
MALE,29,NOT DISABLED,HIGHER SECONDARY,9,UTTAR PRADESH,133,BUDAUN,9,UTTAR PRADESH,AGRICULTURE,18-12-2023
MALE,32,NOT DISABLED,POST-GRADUATE AND ABOVE,1,JAMMU AND KASHMIR,625,SHOPIAN,1,JAMMU AND KASHMIR,AGRICULTURE,18-12-2023
MALE,48,NOT DISABLED,SECONDARY,9,UTTAR PRADESH,137,DEORIA,9,UTTAR PRADESH,ELECTRONICS & HW,18-12-2023
MALE,25,NOT DISABLED,GRADUATE,9,UTTAR PRADESH,132,BIJNOR,9,UTTAR PRADESH,EDUCATION,18-12-2023
FEMALE,23,NOT DISABLED,HIGHER SECONDARY,22,CHHATTISGARH,382,KABIRDHAM,22,CHHATTISGARH,AGRICULTURE,18-12-2023
FEMALE,43,NOT DISABLED,NOT LITERATE,27,MAHARASHTRA,476,GONDIA,27,MAHARASHTRA,AGRICULTURE,18-12-2023
MALE,24,NOT DISABLED,GRADUATE,9,UTTAR PRADESH,128,BANDA,9,UTTAR PRADESH,RETAIL,18-12-2023
MALE,32,NOT DISABLED,GRADUATE,5,UTTARAKHAND,47,CHAMOLI,5,UTTARAKHAND,TOURISM & HOSPITALITY,18-12-2023
MALE,26,NOT DISABLED,HIGHER SECONDARY,22,CHHATTISGARH,389,SURGUJA,22,CHHATTISGARH,MISCELLANEOUS,18-12-2023
FEMALE,32,NOT DISABLED,HIGHER SECONDARY,14,MANIPUR,252,BISHNUPUR,14,MANIPUR,CONSTRUCTION,18-12-2023
FEMALE,22,NOT DISABLED,HIGHER SECONDARY,6,HARYANA,60,FARIDABAD,6,HARYANA,CAPITAL GOODS & MANUFACTURING,18-12-2023
FEMALE,22,NOT DISABLED,PRIMARY,9,UTTAR PRADESH,150,HARDOI,9,UTTAR PRADESH,MISCELLANEOUS,18-12-2023
MALE,31,NOT DISABLED,PRIMARY,7,DELHI,85,WEST,7,DELHI,CONSTRUCTION,18-12-2023
FEMALE,23,NOT DISABLED,SECONDARY,24,GUJARAT,438,AHMADABAD,24,GUJARAT,APPAREL,18-12-2023
FEMALE,24,NOT DISABLED,BELOW PRIMARY,19,WEST BENGAL,321,PURULIA,19,WEST BENGAL,AGRICULTURE,18-12-2023
MALE,42,NOT DISABLED,PRIMARY,29,KARNATAKA,527,BELAGAVI,29,KARNATAKA,FOOD INDUSTRY,18-12-2023
FEMALE,57,NOT DISABLED,PRIMARY,27,MAHARASHTRA,494,SATARA,27,MAHARASHTRA,AGRICULTURE,18-12-2023
MALE,19,NOT DISABLED,HIGHER SECONDARY,6,HARYANA,76,YAMUNANAGAR,6,HARYANA,CAPITAL GOODS & MANUFACTURING,18-12-2023
MALE,20,NOT DISABLED,HIGHER SECONDARY,12,ARUNACHAL PRADESH,237,PAPUM PARE,12,ARUNACHAL PRADESH,AGRICULTURE,18-12-2023
MALE,21,NOT DISABLED,NOT LITERATE,23,MADHYA PRADESH,428,SEONI,23,MADHYA PRADESH,AGRICULTURE,18-12-2023
FEMALE,21,NOT DISABLED,SECONDARY,10,BIHAR,218,SARAN,10,BIHAR,AGRICULTURE,18-12-2023
FEMALE,19,NOT DISABLED,SECONDARY,23,MADHYA PRADESH,390,ANUPPUR,23,MADHYA PRADESH,AGRICULTURE,18-12-2023
MALE,53,NOT DISABLED,MIDDLE,24,GUJARAT,438,AHMADABAD,24,GUJARAT,TOURISM & HOSPITALITY,18-12-2023
MALE,22,NOT DISABLED,NOT LITERATE,24,GUJARAT,461,VADODARA,24,GUJARAT,AGRICULTURE,18-12-2023
FEMALE,18,NOT DISABLED,MIDDLE,10,BIHAR,201,KATIHAR,10,BIHAR,AGRICULTURE,18-12-2023
FEMALE,17,NOT DISABLED,MIDDLE,10,BIHAR,188,ARARIA,10,BIHAR,DOMESTIC AND HOUSEHOLD WORKERS,18-12-2023
MALE,34,NOT DISABLED,POST-GRADUATE AND ABOVE,22,CHHATTISGARH,387,RAIPUR,22,CHHATTISGARH,MISCELLANEOUS,18-12-2023
MALE,36,NOT DISABLED,LITERATE WITHOUT FORMAL SCHOOLING,29,KARNATAKA,631,RAMANAGARA,29,KARNATAKA,AGRICULTURE,18-12-2023
MALE,27,NOT DISABLED,GRADUATE,36,TELANGANA,507,HYDERABAD,36,TELANGANA,CAPITAL GOODS & MANUFACTURING,18-12-2023
FEMALE,22,NOT DISABLED,HIGHER SECONDARY,9,UTTAR PRADESH,146,GHAZIPUR,9,UTTAR PRADESH,AGRICULTURE,18-12-2023
FEMALE,28,NOT DISABLED,GRADUATE,23,MADHYA PRADESH,396,BHOPAL,23,MADHYA PRADESH,OFFICE ADMINISTRATION & FACILITY MANAGEMENT,18-12-2023
FEMALE,54,NOT DISABLED,MIDDLE,19,WEST BENGAL,317,MEDINIPUR EAST,19,WEST BENGAL,MISCELLANEOUS,18-12-2023
FEMALE,44,NOT DISABLED,BELOW PRIMARY,29,KARNATAKA,538,KALABURAGI,29,KARNATAKA,CONSTRUCTION,18-12-2023
FEMALE,18,NOT DISABLED,NOT LITERATE,10,BIHAR,202,KHAGARIA,10,BIHAR,AGRICULTURE,18-12-2023
FEMALE,32,NOT DISABLED,NOT LITERATE,4,CHANDIGARH,44,CHANDIGARH,4,CHANDIGARH,APPAREL,18-12-2023
FEMALE,55,NOT DISABLED,PRIMARY,24,GUJARAT,453,NAVSARI,24,GUJARAT,AGRICULTURE,18-12-2023
FEMALE,20,NOT DISABLED,SECONDARY,29,KARNATAKA,548,TUMAKURU,29,KARNATAKA,TOBACCO INDUSTRY,18-12-2023
FEMALE,25,NOT DISABLED,BELOW PRIMARY,9,UTTAR PRADESH,130,BAREILLY,9,UTTAR PRADESH,EDUCATION,18-12-2023
FEMALE,23,NOT DISABLED,HIGHER SECONDARY,27,MAHARASHTRA,467,AKOLA,27,MAHARASHTRA,AGRICULTURE,18-12-2023
MALE,40,NOT DISABLED,NOT LITERATE,29,KARNATAKA,528,BALLARI,29,KARNATAKA,AGRICULTURE,18-12-2023
MALE,28,NOT DISABLED,HIGHER SECONDARY,29,KARNATAKA,525,BENGALURU URBAN,8,RAJASTHAN,ELECTRONICS & HW,18-12-2023
FEMALE,43,NOT DISABLED,NOT LITERATE,7,DELHI,670,SOUTH EAST,7,DELHI,EDUCATION,18-12-2023
FEMALE,18,NOT DISABLED,MIDDLE,20,JHARKHAND,324,DEOGHAR,20,JHARKHAND,AGRICULTURE,18-12-2023
FEMALE,23,NOT DISABLED,GRADUATE,8,RAJASTHAN,111,PALI,8,RAJASTHAN,DOMESTIC AND HOUSEHOLD WORKERS,18-12-2023
MALE,19,NOT DISABLED,HIGHER SECONDARY,8,RAJASTHAN,117,UDAIPUR,8,RAJASTHAN,ELECTRONICS & HW,18-12-2023
FEMALE,37,NOT DISABLED,SECONDARY,29,KARNATAKA,540,HAVERI,29,KARNATAKA,APPAREL,18-12-2023
FEMALE,24,NOT DISABLED,SECONDARY,19,WEST BENGAL,304,24 PARAGANAS SOUTH,19,WEST BENGAL,CAPITAL GOODS & MANUFACTURING,18-12-2023
FEMALE,24,NOT DISABLED,GRADUATE,19,WEST BENGAL,303,24 PARAGANAS NORTH,19,WEST BENGAL,MISCELLANEOUS,18-12-2023
FEMALE,32,NOT DISABLED,PRIMARY,9,UTTAR PRADESH,142,FATEHPUR,9,UTTAR PRADESH,DOMESTIC AND HOUSEHOLD WORKERS,18-12-2023
FEMALE,21,NOT DISABLED,HIGHER SECONDARY,10,BIHAR,224,VAISHALI,10,BIHAR,DOMESTIC AND HOUSEHOLD WORKERS,18-12-2023
FEMALE,33,NOT DISABLED,NOT LITERATE,10,BIHAR,201,KATIHAR,10,BIHAR,DOMESTIC AND HOUSEHOLD WORKERS,18-12-2023
FEMALE,22,NOT DISABLED,PRIMARY,24,GUJARAT,443,BHAVNAGAR,24,GUJARAT,APPAREL,18-12-2023
MALE,50,NOT DISABLED,PRIMARY,27,MAHARASHTRA,480,KOLHAPUR,27,MAHARASHTRA,HANDICRAFTS & CARPETS,18-12-2023
FEMALE,24,NOT DISABLED,MIDDLE,19,WEST BENGAL,318,MEDINIPUR WEST,19,WEST BENGAL,AGRICULTURE,18-12-2023
FEMALE,22,NOT DISABLED,MIDDLE,23,MADHYA PRADESH,432,SHIVPURI,23,MADHYA PRADESH,MISCELLANEOUS,18-12-2023
FEMALE,21,NOT DISABLED,PRIMARY,9,UTTAR PRADESH,160,KUSHI NAGAR,9,UTTAR PRADESH,AGRICULTURE,18-12-2023
MALE,42,NOT DISABLED,SECONDARY,33,TAMIL NADU,595,VELLORE,33,TAMIL NADU,AGRICULTURE,18-12-2023
FEMALE,56,NOT DISABLED,NOT LITERATE,8,RAJASTHAN,86,AJMER,8,RAJASTHAN,AGRICULTURE,18-12-2023
FEMALE,19,NOT DISABLED,SECONDARY,16,TRIPURA,653,SEPAHIJALA,16,TRIPURA,AGRICULTURE,18-12-2023
MALE,20,NOT DISABLED,HIGHER SECONDARY,27,MAHARASHTRA,483,MUMBAI SUBURBAN,27,MAHARASHTRA,CAPITAL GOODS & MANUFACTURING,18-12-2023
FEMALE,21,NOT DISABLED,SECONDARY,9,UTTAR PRADESH,119,ALIGARH,9,UTTAR PRADESH,DOMESTIC AND HOUSEHOLD WORKERS,18-12-2023
FEMALE,37,NOT DISABLED,PRIMARY,29,KARNATAKA,532,CHIKKAMAGALURU,29,KARNATAKA,APPAREL,18-12-2023
MALE,25,NOT DISABLED,GRADUATE,9,UTTAR PRADESH,162,LUCKNOW,9,UTTAR PRADESH,ELECTRONICS & HW,18-12-2023
MALE,25,NOT DISABLED,SECONDARY,24,GUJARAT,454,PANCH MAHALS,24,GUJARAT,MISCELLANEOUS,18-12-2023
FEMALE,32,NOT DISABLED,SECONDARY,10,BIHAR,213,PURBI CHAMPARAN,10,BIHAR,MISCELLANEOUS,18-12-2023
FEMALE,37,NOT DISABLED,HIGHER SECONDARY,27,MAHARASHTRA,480,KOLHAPUR,27,MAHARASHTRA,AGRICULTURE,18-12-2023
FEMALE,20,NOT DISABLED,SECONDARY,9,UTTAR PRADESH,133,BUDAUN,9,UTTAR PRADESH,AGRICULTURE,18-12-2023
MALE,17,NOT DISABLED,LITERATE WITHOUT FORMAL SCHOOLING,9,UTTAR PRADESH,139,ETAWAH,9,UTTAR PRADESH,AUTOMOBILE & TRANSPORTATION,18-12-2023
MALE,23,NOT DISABLED,HIGHER SECONDARY,9,UTTAR PRADESH,148,GORAKHPUR,9,UTTAR PRADESH,CAPITAL GOODS & MANUFACTURING,18-12-2023
MALE,24,NOT DISABLED,GRADUATE,10,BIHAR,215,ROHTAS,10,BIHAR,ELECTRONICS & HW,18-12-2023
MALE,47,NOT DISABLED,NOT LITERATE,22,CHHATTISGARH,375,BILASPUR,22,CHHATTISGARH,PROFESSIONALS,18-12-2023
FEMALE,23,NOT DISABLED,GRADUATE,27,MAHARASHTRA,480,KOLHAPUR,27,MAHARASHTRA,HANDICRAFTS & CARPETS,18-12-2023
FEMALE,24,NOT DISABLED,MIDDLE,23,MADHYA PRADESH,417,MORENA,23,MADHYA PRADESH,MISCELLANEOUS,18-12-2023
FEMALE,21,NOT DISABLED,SECONDARY,10,BIHAR,201,KATIHAR,10,BIHAR,MISCELLANEOUS,18-12-2023
MALE,18,NOT DISABLED,HIGHER SECONDARY,22,CHHATTISGARH,388,RAJNANDGAON,22,CHHATTISGARH,AUTOMOBILE & TRANSPORTATION,18-12-2023
MALE,22,ACID ATTACK VICTIM,PRIMARY,9,UTTAR PRADESH,155,KANNAUJ,9,UTTAR PRADESH,AGRICULTURE,18-12-2023
MALE,26,NOT DISABLED,SECONDARY,22,CHHATTISGARH,383,KORBA,22,CHHATTISGARH,CAPITAL GOODS & MANUFACTURING,18-12-2023
MALE,25,NOT DISABLED,HIGHER SECONDARY,18,ASSAM,298,NALBARI,18,ASSAM,CONSTRUCTION,18-12-2023
FEMALE,24,NOT DISABLED,SECONDARY,23,MADHYA PRADESH,433,SIDHI,23,MADHYA PRADESH,AGRICULTURE,18-12-2023
MALE,27,NOT DISABLED,POST-GRADUATE AND ABOVE,20,JHARKHAND,331,GUMLA,20,JHARKHAND,AGRICULTURE,18-12-2023
MALE,52,NOT DISABLED,HIGHER SECONDARY,10,BIHAR,196,GAYA,10,BIHAR,AGRICULTURE,18-12-2023
FEMALE,36,NOT DISABLED,BELOW PRIMARY,19,WEST BENGAL,317,MEDINIPUR EAST,19,WEST BENGAL,TOBACCO INDUSTRY,18-12-2023
FEMALE,20,NOT DISABLED,HIGHER SECONDARY,9,UTTAR PRADESH,159,KHERI,9,UTTAR PRADESH,CONSTRUCTION,18-12-2023
MALE,21,NOT DISABLED,HIGHER SECONDARY,10,BIHAR,193,BHOJPUR,10,BIHAR,AUTOMOBILE & TRANSPORTATION,18-12-2023
FEMALE,21,NOT DISABLED,NOT LITERATE,9,UTTAR PRADESH,659,SAMBHAL,9,UTTAR PRADESH,AGRICULTURE,18-12-2023
MALE,47,NOT DISABLED,HIGHER SECONDARY,27,MAHARASHTRA,482,MUMBAI,27,MAHARASHTRA,CONSTRUCTION,18-12-2023
MALE,21,NOT DISABLED,HIGHER SECONDARY,9,UTTAR PRADESH,120,PRAYAGRAJ,9,UTTAR PRADESH,TOURISM & HOSPITALITY,18-12-2023
MALE,20,NOT DISABLED,HIGHER SECONDARY,9,UTTAR PRADESH,168,MAU,9,UTTAR PRADESH,AGRICULTURE,18-12-2023
MALE,29,NOT DISABLED,GRADUATE,9,UTTAR PRADESH,125,BAHRAICH,9,UTTAR PRADESH,CONSTRUCTION,18-12-2023
FEMALE,29,NOT DISABLED,GRADUATE,20,JHARKHAND,340,SAHEBGANJ,20,JHARKHAND,AGRICULTURE,18-12-2023
MALE,23,NOT DISABLED,SECONDARY,9,UTTAR PRADESH,157,KANPUR NAGAR,9,UTTAR PRADESH,AUTOMOBILE & TRANSPORTATION,18-12-2023
FEMALE,25,NOT DISABLED,MIDDLE,20,JHARKHAND,340,SAHEBGANJ,20,JHARKHAND,DOMESTIC AND HOUSEHOLD WORKERS,18-12-2023
MALE,20,NOT DISABLED,HIGHER SECONDARY,20,JHARKHAND,336,LOHARDAGA,20,JHARKHAND,AGRICULTURE,18-12-2023
MALE,36,NOT DISABLED,NOT LITERATE,20,JHARKHAND,330,GODDA,20,JHARKHAND,CONSTRUCTION,18-12-2023
MALE,20,NOT DISABLED,HIGHER SECONDARY,23,MADHYA PRADESH,415,MANDLA,23,MADHYA PRADESH,EDUCATION,18-12-2023
FEMALE,19,NOT DISABLED,SECONDARY,10,BIHAR,224,VAISHALI,10,BIHAR,APPAREL,18-12-2023
FEMALE,52,NOT DISABLED,NOT LITERATE,9,UTTAR PRADESH,144,GAUTAM BUDDHA NAGAR,9,UTTAR PRADESH,AGRICULTURE,18-12-2023
FEMALE,28,NOT DISABLED,GRADUATE,27,MAHARASHTRA,485,NANDED,27,MAHARASHTRA,MISCELLANEOUS,18-12-2023
FEMALE,24,NOT DISABLED,SECONDARY,9,UTTAR PRADESH,150,HARDOI,9,UTTAR PRADESH,DOMESTIC AND HOUSEHOLD WORKERS,18-12-2023
MALE,30,NOT DISABLED,GRADUATE,27,MAHARASHTRA,469,AURANGABAD,27,MAHARASHTRA,ELECTRONICS & HW,18-12-2023
FEMALE,26,NOT DISABLED,SECONDARY,27,MAHARASHTRA,483,MUMBAI SUBURBAN,27,MAHARASHTRA,MISCELLANEOUS,18-12-2023
MALE,20,NOT DISABLED,HIGHER SECONDARY,2,HIMACHAL PRADESH,22,MANDI,2,HIMACHAL PRADESH,AGRICULTURE,18-12-2023
FEMALE,19,NOT DISABLED,GRADUATE,27,MAHARASHTRA,497,THANE,27,MAHARASHTRA,DOMESTIC AND HOUSEHOLD WORKERS,18-12-2023
MALE,17,NOT DISABLED,HIGHER SECONDARY,23,MADHYA PRADESH,409,HOSHANGABAD,23,MADHYA PRADESH,AGRICULTURE,18-12-2023
FEMALE,38,NOT DISABLED,LITERATE WITHOUT FORMAL SCHOOLING,8,RAJASTHAN,86,AJMER,8,RAJASTHAN,AGRICULTURE,18-12-2023
FEMALE,45,NOT DISABLED,NOT LITERATE,28,ANDHRA PRADESH,751,PALNADU,28,ANDHRA PRADESH,AGRICULTURE,18-12-2023
MALE,17,NOT DISABLED,HIGHER SECONDARY,2,HIMACHAL PRADESH,20,KULLU,2,HIMACHAL PRADESH,AUTOMOBILE & TRANSPORTATION,18-12-2023
FEMALE,55,NOT DISABLED,MIDDLE,14,MANIPUR,252,BISHNUPUR,14,MANIPUR,HANDICRAFTS & CARPETS,18-12-2023
FEMALE,35,NOT DISABLED,HIGHER SECONDARY,29,KARNATAKA,549,UDUPI,29,KARNATAKA,APPAREL,18-12-2023
MALE,20,NOT DISABLED,HIGHER SECONDARY,27,MAHARASHTRA,466,AHMEDNAGAR,27,MAHARASHTRA,RETAIL,18-12-2023
FEMALE,23,NOT DISABLED,GRADUATE,27,MAHARASHTRA,491,RAIGAD,27,MAHARASHTRA,BEAUTY & WELLNESS,18-12-2023
MALE,29,NOT DISABLED,MIDDLE,16,TRIPURA,652,KHOWAI,16,TRIPURA,CONSTRUCTION,18-12-2023
MALE,21,NOT DISABLED,GRADUATE,9,UTTAR PRADESH,118,AGRA,9,UTTAR PRADESH,MISCELLANEOUS,18-12-2023
MALE,20,NOT DISABLED,MIDDLE,27,MAHARASHTRA,490,PUNE,27,MAHARASHTRA,LEATHER INDUSTRY WORKS,18-12-2023
MALE,20,NOT DISABLED,HIGHER SECONDARY,8,RAJASTHAN,94,BUNDI,8,RAJASTHAN,RETAIL,18-12-2023
FEMALE,25,NOT DISABLED,SECONDARY,8,RAJASTHAN,86,AJMER,8,RAJASTHAN,AGRICULTURE,18-12-2023
FEMALE,25,NOT DISABLED,PRIMARY,10,BIHAR,221,SITAMARHI,10,BIHAR,AGRICULTURE,18-12-2023
MALE,17,NOT DISABLED,GRADUATE,9,UTTAR PRADESH,186,UNNAO,9,UTTAR PRADESH,MISCELLANEOUS,18-12-2023
MALE,41,NOT DISABLED,BELOW PRIMARY,27,MAHARASHTRA,484,NAGPUR,27,MAHARASHTRA,CONSTRUCTION,18-12-2023
FEMALE,24,NOT DISABLED,SECONDARY,10,BIHAR,213,PURBI CHAMPARAN,10,BIHAR,MISCELLANEOUS,18-12-2023
FEMALE,27,NOT DISABLED,SECONDARY,27,MAHARASHTRA,497,THANE,27,MAHARASHTRA,LEATHER INDUSTRY WORKS,18-12-2023
MALE,29,NOT DISABLED,HIGHER SECONDARY,29,KARNATAKA,546,RAICHUR,29,KARNATAKA,AGRICULTURE,18-12-2023
FEMALE,28,NOT DISABLED,MIDDLE,20,JHARKHAND,337,PAKUR,20,JHARKHAND,TOBACCO INDUSTRY,18-12-2023
MALE,46,NOT DISABLED,HIGHER SECONDARY,23,MADHYA PRADESH,410,INDORE,23,MADHYA PRADESH,AGRICULTURE,18-12-2023
FEMALE,31,NOT DISABLED,MIDDLE,23,MADHYA PRADESH,392,BALAGHAT,23,MADHYA PRADESH,ELECTRONICS & HW,18-12-2023
MALE,22,NOT DISABLED,NOT LITERATE,9,UTTAR PRADESH,145,GHAZIABAD,9,UTTAR PRADESH,CONSTRUCTION,18-12-2023
FEMALE,23,NOT DISABLED,PRIMARY,9,UTTAR PRADESH,177,SAHARANPUR,9,UTTAR PRADESH,MISCELLANEOUS,18-12-2023
FEMALE,24,NOT DISABLED,HIGHER SECONDARY,3,PUNJAB,28,BATHINDA,3,PUNJAB,AGRICULTURE,18-12-2023
FEMALE,33,NOT DISABLED,PRIMARY,27,MAHARASHTRA,483,MUMBAI SUBURBAN,27,MAHARASHTRA,MISCELLANEOUS,18-12-2023
FEMALE,22,NOT DISABLED,SECONDARY,7,DELHI,82,NORTH WEST,7,DELHI,MISCELLANEOUS,18-12-2023
FEMALE,40,NOT DISABLED,HIGHER SECONDARY,3,PUNJAB,42,RUPNAGAR,3,PUNJAB,MISCELLANEOUS,18-12-2023
FEMALE,19,NOT DISABLED,HIGHER SECONDARY,18,ASSAM,296,MARIGAON,18,ASSAM,APPAREL,18-12-2023
FEMALE,18,NOT DISABLED,SECONDARY,19,WEST BENGAL,316,MALDAH,19,WEST BENGAL,MISCELLANEOUS,18-12-2023
FEMALE,24,NOT DISABLED,BELOW PRIMARY,18,ASSAM,285,DHUBRI,18,ASSAM,AGRICULTURE,18-12-2023
MALE,30,NOT DISABLED,MIDDLE,19,WEST BENGAL,306,PURBA BARDHAMAN,19,WEST BENGAL,APPAREL,18-12-2023
MALE,30,NOT DISABLED,PRIMARY,1,JAMMU AND KASHMIR,7,KATHUA,1,JAMMU AND KASHMIR,AGRICULTURE,18-12-2023
FEMALE,34,NOT DISABLED,PRIMARY,8,RAJASTHAN,92,BHILWARA,8,RAJASTHAN,AGRICULTURE,18-12-2023
FEMALE,25,NOT DISABLED,SECONDARY,10,BIHAR,224,VAISHALI,10,BIHAR,BEAUTY & WELLNESS,18-12-2023
MALE,49,NOT DISABLED,SECONDARY,8,RAJASTHAN,103,JAISALMER,8,RAJASTHAN,TOURISM & HOSPITALITY,18-12-2023
FEMALE,28,NOT DISABLED,NOT LITERATE,19,WEST BENGAL,314,JALPAIGURI,19,WEST BENGAL,CONSTRUCTION,18-12-2023
FEMALE,18,NOT DISABLED,SECONDARY,20,JHARKHAND,331,GUMLA,20,JHARKHAND,AGRICULTURE,18-12-2023
FEMALE,20,NOT DISABLED,SECONDARY,27,MAHARASHTRA,478,JALGAON,27,MAHARASHTRA,AGRICULTURE,18-12-2023
FEMALE,24,NOT DISABLED,SECONDARY,9,UTTAR PRADESH,162,LUCKNOW,9,UTTAR PRADESH,APPAREL,18-12-2023
MALE,26,NOT DISABLED,HIGHER SECONDARY,7,DELHI,670,SOUTH EAST,7,DELHI,OFFICE ADMINISTRATION & FACILITY MANAGEMENT,18-12-2023
FEMALE,31,NOT DISABLED,SECONDARY,23,MADHYA PRADESH,392,BALAGHAT,23,MADHYA PRADESH,AGRICULTURE,18-12-2023
FEMALE,29,NOT DISABLED,MIDDLE,10,BIHAR,208,MUZAFFARPUR,10,BIHAR,AGRICULTURE,18-12-2023
MALE,49,NOT DISABLED,NOT LITERATE,10,BIHAR,202,KHAGARIA,10,BIHAR,AGRICULTURE,18-12-2023
FEMALE,32,NOT DISABLED,NOT LITERATE,27,MAHARASHTRA,479,JALNA,27,MAHARASHTRA,AGRICULTURE,18-12-2023
FEMALE,23,NOT DISABLED,HIGHER SECONDARY,27,MAHARASHTRA,478,JALGAON,27,MAHARASHTRA,HEALTHCARE,18-12-2023
FEMALE,23,NOT DISABLED,SECONDARY,10,BIHAR,196,GAYA,10,BIHAR,AGRICULTURE,18-12-2023
MALE,24,NOT DISABLED,SECONDARY,18,ASSAM,282,CACHAR,18,ASSAM,CONSTRUCTION,18-12-2023
FEMALE,18,NOT DISABLED,SECONDARY,10,BIHAR,196,GAYA,10,BIHAR,DOMESTIC AND HOUSEHOLD WORKERS,18-12-2023
FEMALE,18,NOT DISABLED,LITERATE WITHOUT FORMAL SCHOOLING,10,BIHAR,223,SUPAUL,10,BIHAR,AGRICULTURE,18-12-2023
FEMALE,21,NOT DISABLED,SECONDARY,23,MADHYA PRADESH,424,REWA,23,MADHYA PRADESH,APPAREL,18-12-2023
MALE,24,NOT DISABLED,DIPLOMA/CERTIFICATE COURSE,27,MAHARASHTRA,476,GONDIA,27,MAHARASHTRA,AUTOMOBILE & TRANSPORTATION,18-12-2023
FEMALE,28,NOT DISABLED,PRIMARY,9,UTTAR PRADESH,163,HATHRAS,9,UTTAR PRADESH,APPAREL,18-12-2023
FEMALE,26,NOT DISABLED,GRADUATE,10,BIHAR,196,GAYA,10,BIHAR,AGRICULTURE,18-12-2023
FEMALE,25,NOT DISABLED,BELOW PRIMARY,10,BIHAR,208,MUZAFFARPUR,10,BIHAR,AGRICULTURE,18-12-2023
MALE,43,NOT DISABLED,SECONDARY,29,KARNATAKA,526,BENGALURU RURAL,29,KARNATAKA,AGRICULTURE,18-12-2023
FEMALE,21,NOT DISABLED,MIDDLE,9,UTTAR PRADESH,148,GORAKHPUR,9,UTTAR PRADESH,MISCELLANEOUS,18-12-2023
FEMALE,26,NOT DISABLED,BELOW PRIMARY,9,UTTAR PRADESH,160,KUSHI NAGAR,9,UTTAR PRADESH,DOMESTIC AND HOUSEHOLD WORKERS,18-12-2023
MALE,17,NOT DISABLED,MIDDLE,9,UTTAR PRADESH,120,PRAYAGRAJ,9,UTTAR PRADESH,AGRICULTURE,18-12-2023
MALE,20,NOT DISABLED,GRADUATE,9,UTTAR PRADESH,143,FIROZABAD,9,UTTAR PRADESH,AGRICULTURE,18-12-2023
MALE,31,NOT DISABLED,MIDDLE,9,UTTAR PRADESH,121,AMBEDKAR NAGAR,9,UTTAR PRADESH,AGRICULTURE,18-12-2023
MALE,23,NOT DISABLED,HIGHER SECONDARY,32,KERALA,562,MALAPPURAM,32,KERALA,MISCELLANEOUS,18-12-2023
MALE,26,NOT DISABLED,HIGHER SECONDARY,3,PUNJAB,41,PATIALA,3,PUNJAB,AGRICULTURE,18-12-2023
FEMALE,22,NOT DISABLED,GRADUATE,9,UTTAR PRADESH,119,ALIGARH,9,UTTAR PRADESH,APPAREL,18-12-2023
MALE,21,NOT DISABLED,GRADUATE,36,TELANGANA,685,KAMAREDDY,36,TELANGANA,AGRICULTURE,18-12-2023
MALE,25,NOT DISABLED,SECONDARY,18,ASSAM,301,SONITPUR,18,ASSAM,AGRICULTURE,18-12-2023
FEMALE,20,NOT DISABLED,HIGHER SECONDARY,8,RAJASTHAN,91,BHARATPUR,8,RAJASTHAN,AGRICULTURE,18-12-2023
MALE,23,NOT DISABLED,HIGHER SECONDARY,3,PUNJAB,27,AMRITSAR,3,PUNJAB,RETAIL,18-12-2023
MALE,34,NOT DISABLED,NOT LITERATE,24,GUJARAT,461,VADODARA,24,GUJARAT,MISCELLANEOUS,18-12-2023
MALE,18,NOT DISABLED,HIGHER SECONDARY,9,UTTAR PRADESH,134,BULANDSHAHR,9,UTTAR PRADESH,AGRICULTURE,18-12-2023
MALE,22,NOT DISABLED,PRIMARY,10,BIHAR,195,DARBHANGA,10,BIHAR,CONSTRUCTION,18-12-2023
MALE,21,NOT DISABLED,LITERATE WITHOUT FORMAL SCHOOLING,27,MAHARASHTRA,500,YAVATMAL,27,MAHARASHTRA,CONSTRUCTION,18-12-2023
MALE,18,NOT DISABLED,SECONDARY,21,ODISHA,348,BHADRAK,21,ODISHA,CONSTRUCTION,18-12-2023
MALE,30,NOT DISABLED,MIDDLE,8,RAJASTHAN,104,JALORE,8,RAJASTHAN,RETAIL,18-12-2023
MALE,19,NOT DISABLED,HIGHER SECONDARY,9,UTTAR PRADESH,167,MATHURA,9,UTTAR PRADESH,AGRICULTURE,18-12-2023
MALE,33,NOT DISABLED,HIGHER SECONDARY,21,ODISHA,355,JAGATSINGHAPUR,21,ODISHA,AGRICULTURE,18-12-2023
MALE,24,NOT DISABLED,GRADUATE,27,MAHARASHTRA,470,BEED,27,MAHARASHTRA,OFFICE ADMINISTRATION & FACILITY MANAGEMENT,18-12-2023
MALE,23,NOT DISABLED,HIGHER SECONDARY,6,HARYANA,76,YAMUNANAGAR,6,HARYANA,LEATHER INDUSTRY WORKS,18-12-2023
MALE,28,NOT DISABLED,DIPLOMA/CERTIFICATE COURSE,8,RAJASTHAN,115,SIROHI,8,RAJASTHAN,AGRICULTURE,18-12-2023
FEMALE,37,NOT DISABLED,LITERATE WITHOUT FORMAL SCHOOLING,10,BIHAR,217,SAMASTIPUR,10,BIHAR,CAPITAL GOODS & MANUFACTURING,18-12-2023
MALE,27,NOT DISABLED,MIDDLE,7,DELHI,79,NEW DELHI,7,DELHI,OFFICE ADMINISTRATION & FACILITY MANAGEMENT,18-12-2023
FEMALE,49,NOT DISABLED,MIDDLE,9,UTTAR PRADESH,175,RAE BARELI,9,UTTAR PRADESH,MISCELLANEOUS,18-12-2023
FEMALE,43,NOT DISABLED,NOT LITERATE,7,DELHI,79,NEW DELHI,7,DELHI,DOMESTIC AND HOUSEHOLD WORKERS,18-12-2023
FEMALE,21,NOT DISABLED,GRADUATE,18,ASSAM,297,NAGAON,18,ASSAM,HANDICRAFTS & CARPETS,18-12-2023
FEMALE,24,NOT DISABLED,GRADUATE,22,CHHATTISGARH,375,BILASPUR,22,CHHATTISGARH,DOMESTIC AND HOUSEHOLD WORKERS,18-12-2023
MALE,16,NOT DISABLED,SECONDARY,20,JHARKHAND,607,RAMGARH,20,JHARKHAND,EDUCATION,18-12-2023
MALE,28,NOT DISABLED,POST-GRADUATE AND ABOVE,3,PUNJAB,608,S.A.S NAGAR,3,PUNJAB,OFFICE ADMINISTRATION & FACILITY MANAGEMENT,18-12-2023
MALE,21,NOT DISABLED,HIGHER SECONDARY,3,PUNJAB,32,GURDASPUR,3,PUNJAB,AGRICULTURE,18-12-2023
MALE,27,NOT DISABLED,HIGHER SECONDARY,24,GUJARAT,442,BHARUCH,24,GUJARAT,MUSICAL INSTRUMENTS,18-12-2023
FEMALE,58,NOT DISABLED,SECONDARY,33,TAMIL NADU,578,MADURAI,33,TAMIL NADU,APPAREL,18-12-2023
MALE,27,NOT DISABLED,GRADUATE,10,BIHAR,190,BANKA,10,BIHAR,AGRICULTURE,18-12-2023
FEMALE,18,NOT DISABLED,SECONDARY,10,BIHAR,224,VAISHALI,10,BIHAR,DOMESTIC AND HOUSEHOLD WORKERS,18-12-2023
MALE,37,NOT DISABLED,MIDDLE,10,BIHAR,197,GOPALGANJ,10,BIHAR,LEATHER INDUSTRY WORKS,18-12-2023
MALE,25,NOT DISABLED,MIDDLE,6,HARYANA,74,SIRSA,6,HARYANA,AGRICULTURE,18-12-2023
MALE,19,NOT DISABLED,HIGHER SECONDARY,9,UTTAR PRADESH,120,PRAYAGRAJ,9,UTTAR PRADESH,AGRICULTURE,18-12-2023
FEMALE,55,NOT DISABLED,LITERATE WITHOUT FORMAL SCHOOLING,19,WEST BENGAL,307,BIRBHUM,19,WEST BENGAL,MISCELLANEOUS,18-12-2023
FEMALE,24,NOT DISABLED,PRIMARY,9,UTTAR PRADESH,186,UNNAO,9,UTTAR PRADESH,AGRICULTURE,18-12-2023
MALE,33,NOT DISABLED,MIDDLE,9,UTTAR PRADESH,134,BULANDSHAHR,9,UTTAR PRADESH,CONSTRUCTION,18-12-2023
FEMALE,21,NOT DISABLED,MIDDLE,8,RAJASTHAN,113,SAWAI MADHOPUR,8,RAJASTHAN,APPAREL,18-12-2023
MALE,16,NOT DISABLED,SECONDARY,23,MADHYA PRADESH,418,NARSINGHPUR,23,MADHYA PRADESH,DOMESTIC AND HOUSEHOLD WORKERS,18-12-2023
MALE,18,NOT DISABLED,GRADUATE,9,UTTAR PRADESH,150,HARDOI,9,UTTAR PRADESH,AGRICULTURE,18-12-2023
FEMALE,21,NOT DISABLED,NOT LITERATE,10,BIHAR,189,AURANGABAD,10,BIHAR,AGRICULTURE,18-12-2023
FEMALE,30,NOT DISABLED,PRIMARY,19,WEST BENGAL,316,MALDAH,19,WEST BENGAL,AGRICULTURE,18-12-2023
FEMALE,19,NOT DISABLED,MIDDLE,19,WEST BENGAL,307,BIRBHUM,19,WEST BENGAL,DOMESTIC AND HOUSEHOLD WORKERS,18-12-2023
FEMALE,23,NOT DISABLED,SECONDARY,5,UTTARAKHAND,49,DEHRADUN,5,UTTARAKHAND,AGRICULTURE,18-12-2023
MALE,38,NOT DISABLED,MIDDLE,9,UTTAR PRADESH,164,MAHARAJGANJ,9,UTTAR PRADESH,ELECTRONICS & HW,18-12-2023
FEMALE,20,NOT DISABLED,GRADUATE,19,WEST BENGAL,316,MALDAH,19,WEST BENGAL,TOURISM & HOSPITALITY,18-12-2023
FEMALE,42,NOT DISABLED,NOT LITERATE,9,UTTAR PRADESH,157,KANPUR NAGAR,9,UTTAR PRADESH,DOMESTIC AND HOUSEHOLD WORKERS,18-12-2023
MALE,29,NOT DISABLED,SECONDARY,9,UTTAR PRADESH,186,UNNAO,9,UTTAR PRADESH,AGRICULTURE,18-12-2023
FEMALE,20,NOT DISABLED,PRIMARY,23,MADHYA PRADESH,395,BHIND,23,MADHYA PRADESH,DOMESTIC AND HOUSEHOLD WORKERS,18-12-2023
MALE,25,NOT DISABLED,SECONDARY,6,HARYANA,70,PANCHKULA,6,HARYANA,PRIVATE SECURITY,18-12-2023
FEMALE,57,NOT DISABLED,MIDDLE,28,ANDHRA PRADESH,744,ANAKAPALLI,28,ANDHRA PRADESH,AGRICULTURE,18-12-2023
FEMALE,19,NOT DISABLED,HIGHER SECONDARY,9,UTTAR PRADESH,145,GHAZIABAD,9,UTTAR PRADESH,FOOD INDUSTRY,18-12-2023
MALE,22,NOT DISABLED,HIGHER SECONDARY,8,RAJASTHAN,86,AJMER,8,RAJASTHAN,ELECTRONICS & HW,18-12-2023
MALE,25,ACID ATTACK VICTIM,GRADUATE,29,KARNATAKA,630,CHIKKABALLAPURA,29,KARNATAKA,MISCELLANEOUS,18-12-2023
FEMALE,32,NOT DISABLED,POST-GRADUATE AND ABOVE,3,PUNJAB,608,S.A.S NAGAR,3,PUNJAB,EDUCATION,18-12-2023
MALE,18,NOT DISABLED,NOT LITERATE,27,MAHARASHTRA,489,PARBHANI,27,MAHARASHTRA,AGRICULTURE,18-12-2023
FEMALE,20,NOT DISABLED,PRIMARY,8,RAJASTHAN,90,BARMER,8,RAJASTHAN,ELECTRONICS & HW,18-12-2023
FEMALE,24,NOT DISABLED,HIGHER SECONDARY,10,BIHAR,209,NALANDA,10,BIHAR,EDUCATION,18-12-2023
MALE,17,NOT DISABLED,HIGHER SECONDARY,7,DELHI,82,NORTH WEST,7,DELHI,CONSTRUCTION,18-12-2023
MALE,19,NOT DISABLED,HIGHER SECONDARY,19,WEST BENGAL,304,24 PARAGANAS SOUTH,19,WEST BENGAL,AGRICULTURE,18-12-2023
FEMALE,19,NOT DISABLED,HIGHER SECONDARY,18,ASSAM,709,HOJAI,18,ASSAM,AGRICULTURE,18-12-2023
FEMALE,30,NOT DISABLED,NOT LITERATE,9,UTTAR PRADESH,133,BUDAUN,9,UTTAR PRADESH,APPAREL,18-12-2023
MALE,20,NOT DISABLED,PRIMARY,7,DELHI,82,NORTH WEST,7,DELHI,AGRICULTURE,18-12-2023
FEMALE,21,NOT DISABLED,MIDDLE,9,UTTAR PRADESH,132,BIJNOR,9,UTTAR PRADESH,AGRICULTURE,18-12-2023
FEMALE,22,NOT DISABLED,PRIMARY,9,UTTAR PRADESH,119,ALIGARH,9,UTTAR PRADESH,CAPITAL GOODS & MANUFACTURING,18-12-2023
MALE,36,NOT DISABLED,HIGHER SECONDARY,27,MAHARASHTRA,494,SATARA,27,MAHARASHTRA,AGRICULTURE,18-12-2023
FEMALE,28,NOT DISABLED,BELOW PRIMARY,8,RAJASTHAN,86,AJMER,8,RAJASTHAN,AGRICULTURE,18-12-2023
FEMALE,30,NOT DISABLED,MIDDLE,9,UTTAR PRADESH,144,GAUTAM BUDDHA NAGAR,9,UTTAR PRADESH,AGRICULTURE,18-12-2023
MALE,53,NOT DISABLED,NOT LITERATE,27,MAHARASHTRA,467,AKOLA,27,MAHARASHTRA,AGRICULTURE,18-12-2023
FEMALE,32,NOT DISABLED,NOT LITERATE,23,MADHYA PRADESH,398,CHHATARPUR,23,MADHYA PRADESH,AGRICULTURE,18-12-2023
FEMALE,18,NOT DISABLED,SECONDARY,8,RAJASTHAN,87,ALWAR,8,RAJASTHAN,TOURISM & HOSPITALITY,18-12-2023
MALE,24,NOT DISABLED,DIPLOMA/CERTIFICATE COURSE,8,RAJASTHAN,92,BHILWARA,8,RAJASTHAN,AUTOMOBILE & TRANSPORTATION,18-12-2023
MALE,22,NOT DISABLED,SECONDARY,29,KARNATAKA,529,BIDAR,29,KARNATAKA,HEALTHCARE,18-12-2023
FEMALE,33,NOT DISABLED,NOT LITERATE,10,BIHAR,217,SAMASTIPUR,10,BIHAR,MISCELLANEOUS,18-12-2023
FEMALE,30,NOT DISABLED,SECONDARY,8,RAJASTHAN,101,HANUMANGARH,8,RAJASTHAN,APPAREL,18-12-2023
FEMALE,35,NOT DISABLED,HIGHER SECONDARY,23,MADHYA PRADESH,410,INDORE,23,MADHYA PRADESH,LEATHER INDUSTRY WORKS,18-12-2023
MALE,21,NOT DISABLED,SECONDARY,21,ODISHA,362,KHORDHA,21,ODISHA,OFFICE ADMINISTRATION & FACILITY MANAGEMENT,18-12-2023
MALE,29,NOT DISABLED,HIGHER SECONDARY,22,CHHATTISGARH,384,KOREA,22,CHHATTISGARH,BEAUTY & WELLNESS,18-12-2023
MALE,38,NOT DISABLED,MIDDLE,33,TAMIL NADU,575,KANNIYAKUMARI,33,TAMIL NADU,CONSTRUCTION,18-12-2023
FEMALE,21,NOT DISABLED,DIPLOMA/CERTIFICATE COURSE,29,KARNATAKA,550,UTTARA KANNADA,29,KARNATAKA,HEALTHCARE,18-12-2023
FEMALE,20,NOT DISABLED,NOT LITERATE,10,BIHAR,221,SITAMARHI,10,BIHAR,AGRICULTURE,18-12-2023
MALE,22,NOT DISABLED,GRADUATE,27,MAHARASHTRA,472,BULDHANA,27,MAHARASHTRA,AGRICULTURE,18-12-2023
FEMALE,23,NOT DISABLED,PRIMARY,9,UTTAR PRADESH,154,AMROHA,9,UTTAR PRADESH,DOMESTIC AND HOUSEHOLD WORKERS,18-12-2023
MALE,31,NOT DISABLED,SECONDARY,13,NAGALAND,244,DIMAPUR,13,NAGALAND,AUTOMOBILE & TRANSPORTATION,18-12-2023
FEMALE,21,NOT DISABLED,LITERATE WITHOUT FORMAL SCHOOLING,8,RAJASTHAN,97,DAUSA,8,RAJASTHAN,AGRICULTURE,18-12-2023
FEMALE,19,NOT DISABLED,SECONDARY,10,BIHAR,221,SITAMARHI,10,BIHAR,MISCELLANEOUS,18-12-2023
FEMALE,50,NOT DISABLED,SECONDARY,36,TELANGANA,509,KHAMMAM,36,TELANGANA,CONSTRUCTION,18-12-2023
FEMALE,40,NOT DISABLED,SECONDARY,27,MAHARASHTRA,480,KOLHAPUR,27,MAHARASHTRA,MISCELLANEOUS,18-12-2023
MALE,19,NOT DISABLED,HIGHER SECONDARY,23,MADHYA PRADESH,419,NEEMUCH,23,MADHYA PRADESH,OFFICE ADMINISTRATION & FACILITY MANAGEMENT,18-12-2023
FEMALE,24,NOT DISABLED,HIGHER SECONDARY,9,UTTAR PRADESH,153,JHANSI,9,UTTAR PRADESH,APPAREL,18-12-2023
MALE,18,NOT DISABLED,HIGHER SECONDARY,24,GUJARAT,440,ANAND,24,GUJARAT,AGRICULTURE,18-12-2023
FEMALE,22,NOT DISABLED,MIDDLE,10,BIHAR,211,PASHCHIM CHAMPARAN,10,BIHAR,AGRICULTURE,18-12-2023
MALE,19,NOT DISABLED,PRIMARY,8,RAJASTHAN,86,AJMER,8,RAJASTHAN,AGRICULTURE,18-12-2023
MALE,21,NOT DISABLED,HIGHER SECONDARY,9,UTTAR PRADESH,132,BIJNOR,9,UTTAR PRADESH,ELECTRONICS & HW,18-12-2023
MALE,31,NOT DISABLED,GRADUATE,27,MAHARASHTRA,467,AKOLA,27,MAHARASHTRA,MISCELLANEOUS,18-12-2023
FEMALE,18,NOT DISABLED,SECONDARY,9,UTTAR PRADESH,133,BUDAUN,9,UTTAR PRADESH,AGRICULTURE,18-12-2023
FEMALE,39,NOT DISABLED,BELOW PRIMARY,27,MAHARASHTRA,493,SANGLI,27,MAHARASHTRA,ELECTRONICS & HW,18-12-2023
MALE,17,NOT DISABLED,MIDDLE,29,KARNATAKA,545,MYSURU,29,KARNATAKA,CONSTRUCTION,18-12-2023
FEMALE,25,NOT DISABLED,NOT LITERATE,8,RAJASTHAN,107,JODHPUR,8,RAJASTHAN,AGRICULTURE,18-12-2023
FEMALE,22,NOT DISABLED,MIDDLE,9,UTTAR PRADESH,118,AGRA,9,UTTAR PRADESH,FOOD INDUSTRY,18-12-2023
MALE,20,NOT DISABLED,HIGHER SECONDARY,7,DELHI,85,WEST,7,DELHI,OFFICE ADMINISTRATION & FACILITY MANAGEMENT,18-12-2023
FEMALE,58,NOT DISABLED,GRADUATE,36,TELANGANA,507,HYDERABAD,36,TELANGANA,DOMESTIC AND HOUSEHOLD WORKERS,18-12-2023
MALE,19,NOT DISABLED,MIDDLE,9,UTTAR PRADESH,187,VARANASI,9,UTTAR PRADESH,AGRICULTURE,18-12-2023
FEMALE,22,NOT DISABLED,NOT LITERATE,9,UTTAR PRADESH,154,AMROHA,9,UTTAR PRADESH,AGRICULTURE,18-12-2023
FEMALE,30,NOT DISABLED,GRADUATE,27,MAHARASHTRA,469,AURANGABAD,27,MAHARASHTRA,APPAREL,18-12-2023
FEMALE,25,NOT DISABLED,SECONDARY,1,JAMMU AND KASHMIR,14,UDHAMPUR,1,JAMMU AND KASHMIR,APPAREL,18-12-2023
MALE,23,NOT DISABLED,SECONDARY,23,MADHYA PRADESH,413,KATNI,23,MADHYA PRADESH,AGRICULTURE,18-12-2023
MALE,27,NOT DISABLED,GRADUATE,20,JHARKHAND,332,HAZARIBAGH,20,JHARKHAND,TOURISM & HOSPITALITY,18-12-2023
MALE,21,NOT DISABLED,HIGHER SECONDARY,27,MAHARASHTRA,481,LATUR,27,MAHARASHTRA,CONSTRUCTION,18-12-2023
FEMALE,18,NOT DISABLED,SECONDARY,10,BIHAR,206,MADHUBANI,10,BIHAR,AGRICULTURE,18-12-2023
FEMALE,24,NOT DISABLED,GRADUATE,9,UTTAR PRADESH,640,AMETHI,9,UTTAR PRADESH,MISCELLANEOUS,18-12-2023
FEMALE,26,NOT DISABLED,PRIMARY,8,RAJASTHAN,100,GANGANAGAR,8,RAJASTHAN,AGRICULTURE,18-12-2023
FEMALE,31,NOT DISABLED,NOT LITERATE,5,UTTARAKHAND,49,DEHRADUN,5,UTTARAKHAND,APPAREL,18-12-2023
FEMALE,22,NOT DISABLED,SECONDARY,23,MADHYA PRADESH,430,SHAJAPUR,23,MADHYA PRADESH,AGRICULTURE,18-12-2023
MALE,58,ACID ATTACK VICTIM,BELOW PRIMARY,8,RAJASTHAN,107,JODHPUR,8,RAJASTHAN,SERVICE,18-12-2023
FEMALE,29,NOT DISABLED,BELOW PRIMARY,9,UTTAR PRADESH,152,JAUNPUR,9,UTTAR PRADESH,HANDICRAFTS & CARPETS,18-12-2023
FEMALE,23,NOT DISABLED,NOT LITERATE,19,WEST BENGAL,315,KOLKATA,19,WEST BENGAL,MISCELLANEOUS,18-12-2023
FEMALE,18,NOT DISABLED,LITERATE WITHOUT FORMAL SCHOOLING,23,MADHYA PRADESH,433,SIDHI,23,MADHYA PRADESH,AGRICULTURE,18-12-2023
FEMALE,41,NOT DISABLED,PRIMARY,27,MAHARASHTRA,499,WASHIM,27,MAHARASHTRA,AGRICULTURE,18-12-2023
FEMALE,30,NOT DISABLED,NOT LITERATE,8,RAJASTHAN,86,AJMER,8,RAJASTHAN,AGRICULTURE,18-12-2023
MALE,23,NOT DISABLED,HIGHER SECONDARY,7,DELHI,82,NORTH WEST,7,DELHI,AUTOMOBILE & TRANSPORTATION,18-12-2023
FEMALE,21,NOT DISABLED,BELOW PRIMARY,9,UTTAR PRADESH,171,MORADABAD,9,UTTAR PRADESH,AGRICULTURE,18-12-2023
MALE,54,NOT DISABLED,SECONDARY,24,GUJARAT,459,SURAT,24,GUJARAT,AUTOMOBILE & TRANSPORTATION,18-12-2023
MALE,30,ACID ATTACK VICTIM,PRIMARY,7,DELHI,671,SHAHDARA,9,UTTAR PRADESH,AGRICULTURE,18-12-2023
MALE,55,NOT DISABLED,SECONDARY,27,MAHARASHTRA,473,CHANDRAPUR,27,MAHARASHTRA,AGRICULTURE,18-12-2023
FEMALE,43,NOT DISABLED,POST-GRADUATE AND ABOVE,27,MAHARASHTRA,490,PUNE,27,MAHARASHTRA,MISCELLANEOUS,18-12-2023
FEMALE,32,NOT DISABLED,HIGHER SECONDARY,3,PUNJAB,34,JALANDHAR,3,PUNJAB,MISCELLANEOUS,18-12-2023
FEMALE,21,NOT DISABLED,MIDDLE,9,UTTAR PRADESH,160,KUSHI NAGAR,9,UTTAR PRADESH,AGRICULTURE,18-12-2023
FEMALE,20,NOT DISABLED,BELOW PRIMARY,8,RAJASTHAN,90,BARMER,8,RAJASTHAN,MISCELLANEOUS,18-12-2023
FEMALE,22,NOT DISABLED,PRIMARY,27,MAHARASHTRA,476,GONDIA,27,MAHARASHTRA,CAPITAL GOODS & MANUFACTURING,18-12-2023
FEMALE,26,NOT DISABLED,NOT LITERATE,9,UTTAR PRADESH,152,JAUNPUR,9,UTTAR PRADESH,DOMESTIC AND HOUSEHOLD WORKERS,18-12-2023
MALE,33,NOT DISABLED,GRADUATE,7,DELHI,83,SOUTH,7,DELHI,OFFICE ADMINISTRATION & FACILITY MANAGEMENT,18-12-2023
MALE,33,NOT DISABLED,SECONDARY,24,GUJARAT,459,SURAT,24,GUJARAT,CONSTRUCTION,18-12-2023
FEMALE,19,NOT DISABLED,SECONDARY,5,UTTARAKHAND,49,DEHRADUN,5,UTTARAKHAND,EDUCATION,18-12-2023
MALE,24,NOT DISABLED,PRIMARY,8,RAJASTHAN,90,BARMER,8,RAJASTHAN,CAPITAL GOODS & MANUFACTURING,18-12-2023
MALE,46,NOT DISABLED,PRIMARY,24,GUJARAT,438,AHMADABAD,24,GUJARAT,HANDICRAFTS & CARPETS,18-12-2023
MALE,22,NOT DISABLED,GRADUATE,27,MAHARASHTRA,483,MUMBAI SUBURBAN,27,MAHARASHTRA,OFFICE ADMINISTRATION & FACILITY MANAGEMENT,18-12-2023
MALE,18,NOT DISABLED,HIGHER SECONDARY,27,MAHARASHTRA,484,NAGPUR,27,MAHARASHTRA,MISCELLANEOUS,18-12-2023
FEMALE,39,NOT DISABLED,MIDDLE,6,HARYANA,64,JHAJJAR,6,HARYANA,LEATHER INDUSTRY WORKS,18-12-2023
MALE,26,NOT DISABLED,NOT LITERATE,8,RAJASTHAN,92,BHILWARA,8,RAJASTHAN,CAPITAL GOODS & MANUFACTURING,18-12-2023
MALE,19,NOT DISABLED,HIGHER SECONDARY,9,UTTAR PRADESH,661,HAPUR,9,UTTAR PRADESH,AGRICULTURE,18-12-2023
MALE,32,NOT DISABLED,GRADUATE,6,HARYANA,60,FARIDABAD,9,UTTAR PRADESH,OFFICE ADMINISTRATION & FACILITY MANAGEMENT,18-12-2023
MALE,33,NOT DISABLED,HIGHER SECONDARY,24,GUJARAT,440,ANAND,24,GUJARAT,AGRICULTURE,18-12-2023
MALE,29,NOT DISABLED,GRADUATE,9,UTTAR PRADESH,154,AMROHA,9,UTTAR PRADESH,EDUCATION,18-12-2023
FEMALE,20,NOT DISABLED,HIGHER SECONDARY,7,DELHI,77,CENTRAL,7,DELHI,HEALTHCARE,18-12-2023
FEMALE,20,NOT DISABLED,GRADUATE,9,UTTAR PRADESH,122,AURAIYA,9,UTTAR PRADESH,APPAREL,18-12-2023
MALE,18,NOT DISABLED,LITERATE WITHOUT FORMAL SCHOOLING,7,DELHI,81,NORTH EAST,7,DELHI,AGRICULTURE,18-12-2023
MALE,34,NOT DISABLED,GRADUATE,27,MAHARASHTRA,497,THANE,27,MAHARASHTRA,AUTOMOBILE & TRANSPORTATION,18-12-2023
FEMALE,18,NOT DISABLED,PRIMARY,9,UTTAR PRADESH,152,JAUNPUR,9,UTTAR PRADESH,TOURISM & HOSPITALITY,18-12-2023
FEMALE,34,NOT DISABLED,MIDDLE,18,ASSAM,616,BAKSA,18,ASSAM,HANDICRAFTS & CARPETS,18-12-2023
MALE,22,NOT DISABLED,HIGHER SECONDARY,22,CHHATTISGARH,642,SUKMA,22,CHHATTISGARH,OFFICE ADMINISTRATION & FACILITY MANAGEMENT,18-12-2023
MALE,22,NOT DISABLED,GRADUATE,9,UTTAR PRADESH,176,RAMPUR,9,UTTAR PRADESH,CONSTRUCTION,18-12-2023
MALE,33,NOT DISABLED,SECONDARY,16,TRIPURA,269,DHALAI,16,TRIPURA,CONSTRUCTION,18-12-2023
FEMALE,45,NOT DISABLED,MIDDLE,14,MANIPUR,252,BISHNUPUR,14,MANIPUR,CONSTRUCTION,18-12-2023
FEMALE,20,NOT DISABLED,MIDDLE,9,UTTAR PRADESH,138,ETAH,9,UTTAR PRADESH,AGRICULTURE,18-12-2023
MALE,19,NOT DISABLED,MIDDLE,9,UTTAR PRADESH,161,LALITPUR,9,UTTAR PRADESH,AGRICULTURE,18-12-2023
FEMALE,46,NOT DISABLED,MIDDLE,19,WEST BENGAL,303,24 PARAGANAS NORTH,19,WEST BENGAL,TOBACCO INDUSTRY,18-12-2023
MALE,26,NOT DISABLED,MIDDLE,10,BIHAR,205,MADHEPURA,10,BIHAR,AGRICULTURE,18-12-2023
MALE,21,NOT DISABLED,HIGHER SECONDARY,6,HARYANA,73,ROHTAK,6,HARYANA,AGRICULTURE,18-12-2023
MALE,19,NOT DISABLED,PRIMARY,27,MAHARASHTRA,474,DHULE,27,MAHARASHTRA,AGRICULTURE,18-12-2023
FEMALE,18,ACID ATTACK VICTIM,NOT LITERATE,19,WEST BENGAL,311,DINAJPUR UTTAR,19,WEST BENGAL,CONSTRUCTION,18-12-2023
MALE,28,NOT DISABLED,SECONDARY,8,RAJASTHAN,102,JAIPUR,8,RAJASTHAN,MISCELLANEOUS,18-12-2023
MALE,18,NOT DISABLED,HIGHER SECONDARY,9,UTTAR PRADESH,187,VARANASI,9,UTTAR PRADESH,CONSTRUCTION,18-12-2023
MALE,29,NOT DISABLED,MIDDLE,20,JHARKHAND,339,RANCHI,20,JHARKHAND,CONSTRUCTION,18-12-2023
MALE,24,NOT DISABLED,SECONDARY,9,UTTAR PRADESH,186,UNNAO,9,UTTAR PRADESH,CONSTRUCTION,18-12-2023
FEMALE,21,NOT DISABLED,HIGHER SECONDARY,27,MAHARASHTRA,481,LATUR,27,MAHARASHTRA,AGRICULTURE,18-12-2023
FEMALE,24,NOT DISABLED,NOT LITERATE,9,UTTAR PRADESH,143,FIROZABAD,9,UTTAR PRADESH,MISCELLANEOUS,18-12-2023
FEMALE,41,NOT DISABLED,PRIMARY,21,ODISHA,357,JHARSUGUDA,21,ODISHA,TOBACCO INDUSTRY,18-12-2023
MALE,26,NOT DISABLED,SECONDARY,27,MAHARASHTRA,496,SOLAPUR,27,MAHARASHTRA,CONSTRUCTION,18-12-2023
FEMALE,25,NOT DISABLED,PRIMARY,10,BIHAR,214,PURNIA,10,BIHAR,AGRICULTURE,18-12-2023
MALE,22,NOT DISABLED,NOT LITERATE,8,RAJASTHAN,113,SAWAI MADHOPUR,8,RAJASTHAN,CONSTRUCTION,18-12-2023
MALE,25,NOT DISABLED,NOT LITERATE,10,BIHAR,212,PATNA,10,BIHAR,CONSTRUCTION,18-12-2023
MALE,19,NOT DISABLED,HIGHER SECONDARY,9,UTTAR PRADESH,118,AGRA,9,UTTAR PRADESH,OFFICE ADMINISTRATION & FACILITY MANAGEMENT,18-12-2023
MALE,20,NOT DISABLED,BELOW PRIMARY,9,UTTAR PRADESH,169,MEERUT,9,UTTAR PRADESH,AUTOMOBILE & TRANSPORTATION,18-12-2023
FEMALE,20,NOT DISABLED,HIGHER SECONDARY,10,BIHAR,217,SAMASTIPUR,10,BIHAR,AGRICULTURE,18-12-2023
FEMALE,22,NOT DISABLED,MIDDLE,10,BIHAR,192,BHAGALPUR,10,BIHAR,AGRICULTURE,18-12-2023
MALE,18,NOT DISABLED,SECONDARY,9,UTTAR PRADESH,183,SITAPUR,9,UTTAR PRADESH,AGRICULTURE,18-12-2023
MALE,34,NOT DISABLED,DIPLOMA/CERTIFICATE COURSE,27,MAHARASHTRA,473,CHANDRAPUR,27,MAHARASHTRA,AGRICULTURE,18-12-2023
MALE,19,NOT DISABLED,SECONDARY,9,UTTAR PRADESH,167,MATHURA,9,UTTAR PRADESH,LEATHER INDUSTRY WORKS,18-12-2023
MALE,19,NOT DISABLED,SECONDARY,27,MAHARASHTRA,499,WASHIM,27,MAHARASHTRA,AGRICULTURE,18-12-2023
FEMALE,27,NOT DISABLED,GRADUATE,8,RAJASTHAN,110,NAGAUR,8,RAJASTHAN,MISCELLANEOUS,18-12-2023
FEMALE,19,NOT DISABLED,SECONDARY,3,PUNJAB,608,S.A.S NAGAR,3,PUNJAB,BEAUTY & WELLNESS,18-12-2023
FEMALE,17,NOT DISABLED,NOT LITERATE,27,MAHARASHTRA,479,JALNA,27,MAHARASHTRA,CONSTRUCTION,18-12-2023
FEMALE,25,NOT DISABLED,HIGHER SECONDARY,10,BIHAR,197,GOPALGANJ,10,BIHAR,APPAREL,18-12-2023
FEMALE,19,NOT DISABLED,SECONDARY,27,MAHARASHTRA,469,AURANGABAD,27,MAHARASHTRA,AGRICULTURE,18-12-2023
FEMALE,17,NOT DISABLED,HIGHER SECONDARY,27,MAHARASHTRA,478,JALGAON,27,MAHARASHTRA,AGRICULTURE,18-12-2023
MALE,20,NOT DISABLED,HIGHER SECONDARY,27,MAHARASHTRA,483,MUMBAI SUBURBAN,27,MAHARASHTRA,OFFICE ADMINISTRATION & FACILITY MANAGEMENT,18-12-2023
FEMALE,48,NOT DISABLED,LITERATE WITHOUT FORMAL SCHOOLING,1,JAMMU AND KASHMIR,13,SRINAGAR,1,JAMMU AND KASHMIR,HEALTHCARE,18-12-2023
FEMALE,24,NOT DISABLED,MIDDLE,10,BIHAR,223,SUPAUL,10,BIHAR,AGRICULTURE,18-12-2023
FEMALE,55,NOT DISABLED,NOT LITERATE,29,KARNATAKA,525,BENGALURU URBAN,29,KARNATAKA,LEATHER INDUSTRY WORKS,18-12-2023
FEMALE,38,NOT DISABLED,NOT LITERATE,10,BIHAR,215,ROHTAS,10,BIHAR,FOOD INDUSTRY,18-12-2023
MALE,20,NOT DISABLED,HIGHER SECONDARY,27,MAHARASHTRA,483,MUMBAI SUBURBAN,27,MAHARASHTRA,LEATHER INDUSTRY WORKS,18-12-2023
FEMALE,23,NOT DISABLED,SECONDARY,10,BIHAR,201,KATIHAR,10,BIHAR,AGRICULTURE,18-12-2023
MALE,26,NOT DISABLED,SECONDARY,14,MANIPUR,711,KAKCHING,14,MANIPUR,AGRICULTURE,18-12-2023
FEMALE,17,NOT DISABLED,MIDDLE,10,BIHAR,201,KATIHAR,10,BIHAR,DOMESTIC AND HOUSEHOLD WORKERS,18-12-2023
FEMALE,21,NOT DISABLED,MIDDLE,10,BIHAR,208,MUZAFFARPUR,10,BIHAR,MISCELLANEOUS,18-12-2023
MALE,28,NOT DISABLED,MIDDLE,27,MAHARASHTRA,468,AMRAVATI,27,MAHARASHTRA,CONSTRUCTION,18-12-2023
FEMALE,21,NOT DISABLED,SECONDARY,8,RAJASTHAN,117,UDAIPUR,8,RAJASTHAN,AGRICULTURE,18-12-2023
FEMALE,25,NOT DISABLED,GRADUATE,32,KERALA,558,KASARAGOD,32,KERALA,EDUCATION,18-12-2023
MALE,26,NOT DISABLED,GRADUATE,19,WEST BENGAL,306,PURBA BARDHAMAN,19,WEST BENGAL,MISCELLANEOUS,18-12-2023
MALE,24,NOT DISABLED,GRADUATE,18,ASSAM,294,KOKRAJHAR,18,ASSAM,CONSTRUCTION,18-12-2023
FEMALE,30,NOT DISABLED,NOT LITERATE,9,UTTAR PRADESH,147,GONDA,9,UTTAR PRADESH,AGRICULTURE,18-12-2023
FEMALE,37,NOT DISABLED,PRIMARY,29,KARNATAKA,525,BENGALURU URBAN,29,KARNATAKA,MISCELLANEOUS,18-12-2023
FEMALE,51,NOT DISABLED,NOT LITERATE,29,KARNATAKA,536,DHARWAD,29,KARNATAKA,HANDICRAFTS & CARPETS,18-12-2023
FEMALE,19,NOT DISABLED,SECONDARY,8,RAJASTHAN,111,PALI,8,RAJASTHAN,AGRICULTURE,18-12-2023
FEMALE,21,NOT DISABLED,NOT LITERATE,10,BIHAR,208,MUZAFFARPUR,10,BIHAR,AGRICULTURE,18-12-2023
FEMALE,24,NOT DISABLED,HIGHER SECONDARY,14,MANIPUR,256,IMPHAL WEST,14,MANIPUR,HANDICRAFTS & CARPETS,18-12-2023
FEMALE,22,NOT DISABLED,HIGHER SECONDARY,27,MAHARASHTRA,467,AKOLA,27,MAHARASHTRA,AGRICULTURE,18-12-2023
FEMALE,25,NOT DISABLED,SECONDARY,23,MADHYA PRADESH,638,SINGRAULI,23,MADHYA PRADESH,AGRICULTURE,18-12-2023
FEMALE,20,NOT DISABLED,GRADUATE,27,MAHARASHTRA,488,OSMANABAD,27,MAHARASHTRA,AGRICULTURE,18-12-2023
FEMALE,29,NOT DISABLED,SECONDARY,28,ANDHRA PRADESH,502,ANANTAPUR,28,ANDHRA PRADESH,EDUCATION,18-12-2023
MALE,19,NOT DISABLED,MIDDLE,10,BIHAR,193,BHOJPUR,10,BIHAR,AUTOMOBILE & TRANSPORTATION,18-12-2023
MALE,27,NOT DISABLED,LITERATE WITHOUT FORMAL SCHOOLING,10,BIHAR,196,GAYA,10,BIHAR,ELECTRONICS & HW,18-12-2023
FEMALE,24,NOT DISABLED,NOT LITERATE,23,MADHYA PRADESH,434,TIKAMGARH,23,MADHYA PRADESH,AGRICULTURE,18-12-2023
FEMALE,25,NOT DISABLED,HIGHER SECONDARY,9,UTTAR PRADESH,168,MAU,9,UTTAR PRADESH,CAPITAL GOODS & MANUFACTURING,18-12-2023
FEMALE,32,NOT DISABLED,GRADUATE,33,TAMIL NADU,573,ERODE,33,TAMIL NADU,MISCELLANEOUS,18-12-2023
FEMALE,27,NOT DISABLED,HIGHER SECONDARY,9,UTTAR PRADESH,118,AGRA,9,UTTAR PRADESH,APPAREL,18-12-2023
FEMALE,48,NOT DISABLED,NOT LITERATE,27,MAHARASHTRA,478,JALGAON,27,MAHARASHTRA,AGRICULTURE,18-12-2023
FEMALE,43,NOT DISABLED,BELOW PRIMARY,27,MAHARASHTRA,484,NAGPUR,27,MAHARASHTRA,AGRICULTURE,18-12-2023
FEMALE,55,NOT DISABLED,NOT LITERATE,8,RAJASTHAN,86,AJMER,8,RAJASTHAN,AGRICULTURE,18-12-2023
FEMALE,31,NOT DISABLED,NOT LITERATE,8,RAJASTHAN,86,AJMER,8,RAJASTHAN,AGRICULTURE,18-12-2023
MALE,29,NOT DISABLED,HIGHER SECONDARY,3,PUNJAB,662,PATHANKOT,3,PUNJAB,AGRICULTURE,18-12-2023
FEMALE,44,NOT DISABLED,BELOW PRIMARY,18,ASSAM,618,KAMRUP METRO,18,ASSAM,DOMESTIC AND HOUSEHOLD WORKERS,18-12-2023
FEMALE,20,NOT DISABLED,HIGHER SECONDARY,9,UTTAR PRADESH,177,SAHARANPUR,9,UTTAR PRADESH,APPAREL,18-12-2023
MALE,23,NOT DISABLED,GRADUATE,27,MAHARASHTRA,494,SATARA,27,MAHARASHTRA,AGRICULTURE,18-12-2023
FEMALE,17,NOT DISABLED,PRIMARY,9,UTTAR PRADESH,187,VARANASI,9,UTTAR PRADESH,DOMESTIC AND HOUSEHOLD WORKERS,18-12-2023
FEMALE,27,NOT DISABLED,POST-GRADUATE AND ABOVE,8,RAJASTHAN,114,SIKAR,8,RAJASTHAN,APPAREL,18-12-2023
FEMALE,31,NOT DISABLED,NOT LITERATE,29,KARNATAKA,635,YADGIR,29,KARNATAKA,AGRICULTURE,18-12-2023
MALE,24,NOT DISABLED,TECHNICAL DEGREE IN ENGINEERING / TECHNOLOGY,9,UTTAR PRADESH,120,PRAYAGRAJ,9,UTTAR PRADESH,AGRICULTURE,18-12-2023
MALE,46,NOT DISABLED,PRIMARY,18,ASSAM,282,CACHAR,18,ASSAM,CONSTRUCTION,18-12-2023
FEMALE,24,NOT DISABLED,PRIMARY,9,UTTAR PRADESH,162,LUCKNOW,9,UTTAR PRADESH,FOOD INDUSTRY,18-12-2023
FEMALE,31,NOT DISABLED,GRADUATE,8,RAJASTHAN,92,BHILWARA,8,RAJASTHAN,LEATHER INDUSTRY WORKS,18-12-2023
MALE,37,NOT DISABLED,HIGHER SECONDARY,23,MADHYA PRADESH,410,INDORE,23,MADHYA PRADESH,AGRICULTURE,18-12-2023
FEMALE,23,NOT DISABLED,SECONDARY,10,BIHAR,212,PATNA,10,BIHAR,AGRICULTURE,18-12-2023
FEMALE,18,NOT DISABLED,DIPLOMA/CERTIFICATE COURSE,27,MAHARASHTRA,482,MUMBAI,27,MAHARASHTRA,EDUCATION,18-12-2023
FEMALE,19,NOT DISABLED,PRIMARY,9,UTTAR PRADESH,133,BUDAUN,9,UTTAR PRADESH,DOMESTIC AND HOUSEHOLD WORKERS,18-12-2023
FEMALE,22,NOT DISABLED,GRADUATE,10,BIHAR,221,SITAMARHI,10,BIHAR,AGRICULTURE,18-12-2023
MALE,52,NOT DISABLED,NOT LITERATE,10,BIHAR,189,AURANGABAD,10,BIHAR,AGRICULTURE,18-12-2023
MALE,19,NOT DISABLED,HIGHER SECONDARY,10,BIHAR,211,PASHCHIM CHAMPARAN,10,BIHAR,AGRICULTURE,18-12-2023
FEMALE,20,NOT DISABLED,SECONDARY,27,MAHARASHTRA,487,NASHIK,27,MAHARASHTRA,ELECTRONICS & HW,18-12-2023
FEMALE,25,NOT DISABLED,MIDDLE,8,RAJASTHAN,95,CHITTORGARH,8,RAJASTHAN,CONSTRUCTION,18-12-2023
FEMALE,21,NOT DISABLED,BELOW PRIMARY,9,UTTAR PRADESH,129,BARABANKI,9,UTTAR PRADESH,DOMESTIC AND HOUSEHOLD WORKERS,18-12-2023
FEMALE,34,NOT DISABLED,HIGHER SECONDARY,27,MAHARASHTRA,492,RATNAGIRI,27,MAHARASHTRA,CONSTRUCTION,18-12-2023
FEMALE,19,NOT DISABLED,MIDDLE,10,BIHAR,221,SITAMARHI,10,BIHAR,AGRICULTURE,18-12-2023
FEMALE,24,NOT DISABLED,BELOW PRIMARY,10,BIHAR,191,BEGUSARAI,10,BIHAR,DOMESTIC AND HOUSEHOLD WORKERS,18-12-2023
FEMALE,19,NOT DISABLED,MIDDLE,9,UTTAR PRADESH,158,KAUSHAMBI,9,UTTAR PRADESH,AGRICULTURE,18-12-2023
MALE,22,NOT DISABLED,HIGHER SECONDARY,9,UTTAR PRADESH,165,MAHOBA,9,UTTAR PRADESH,AGRICULTURE,18-12-2023
MALE,30,NOT DISABLED,POST-GRADUATE AND ABOVE,20,JHARKHAND,326,DUMKA,20,JHARKHAND,OFFICE ADMINISTRATION & FACILITY MANAGEMENT,18-12-2023
FEMALE,21,NOT DISABLED,MIDDLE,9,UTTAR PRADESH,133,BUDAUN,9,UTTAR PRADESH,AGRICULTURE,18-12-2023
FEMALE,25,NOT DISABLED,BELOW PRIMARY,8,RAJASTHAN,105,JHALAWAR,8,RAJASTHAN,AGRICULTURE,18-12-2023
MALE,16,NOT DISABLED,SECONDARY,9,UTTAR PRADESH,173,PILIBHIT,9,UTTAR PRADESH,APPAREL,18-12-2023
FEMALE,24,NOT DISABLED,POST-GRADUATE AND ABOVE,9,UTTAR PRADESH,159,KHERI,9,UTTAR PRADESH,MISCELLANEOUS,18-12-2023
MALE,17,NOT DISABLED,NOT LITERATE,10,BIHAR,201,KATIHAR,10,BIHAR,AGRICULTURE,18-12-2023
MALE,21,NOT DISABLED,HIGHER SECONDARY,9,UTTAR PRADESH,140,AYODHYA,9,UTTAR PRADESH,AUTOMOBILE & TRANSPORTATION,18-12-2023
MALE,33,ACID ATTACK VICTIM,PRIMARY,9,UTTAR PRADESH,120,PRAYAGRAJ,9,UTTAR PRADESH,AUTOMOBILE & TRANSPORTATION,18-12-2023
MALE,17,NOT DISABLED,HIGHER SECONDARY,24,GUJARAT,674,DEVBHUMI DWARKA,24,GUJARAT,AGRICULTURE,18-12-2023
MALE,30,NOT DISABLED,HIGHER SECONDARY,9,UTTAR PRADESH,137,DEORIA,9,UTTAR PRADESH,AGRICULTURE,18-12-2023
MALE,36,NOT DISABLED,NOT LITERATE,10,BIHAR,217,SAMASTIPUR,10,BIHAR,CONSTRUCTION,18-12-2023
FEMALE,46,NOT DISABLED,NOT LITERATE,9,UTTAR PRADESH,145,GHAZIABAD,9,UTTAR PRADESH,DOMESTIC AND HOUSEHOLD WORKERS,18-12-2023
MALE,25,NOT DISABLED,GRADUATE,10,BIHAR,209,NALANDA,10,BIHAR,AGRICULTURE,18-12-2023
MALE,43,NOT DISABLED,MIDDLE,21,ODISHA,371,SAMBALPUR,21,ODISHA,TOURISM & HOSPITALITY,18-12-2023
MALE,25,NOT DISABLED,HIGHER SECONDARY,23,MADHYA PRADESH,417,MORENA,23,MADHYA PRADESH,AGRICULTURE,18-12-2023
FEMALE,28,NOT DISABLED,HIGHER SECONDARY,20,JHARKHAND,322,BOKARO,20,JHARKHAND,BEAUTY & WELLNESS,18-12-2023
FEMALE,22,NOT DISABLED,MIDDLE,27,MAHARASHTRA,467,AKOLA,27,MAHARASHTRA,CONSTRUCTION,18-12-2023
MALE,37,NOT DISABLED,PRIMARY,27,MAHARASHTRA,487,NASHIK,27,MAHARASHTRA,LEATHER INDUSTRY WORKS,18-12-2023
MALE,22,NOT DISABLED,POST-GRADUATE AND ABOVE,24,GUJARAT,454,PANCH MAHALS,24,GUJARAT,AGRICULTURE,18-12-2023
MALE,17,NOT DISABLED,BELOW PRIMARY,27,MAHARASHTRA,478,JALGAON,27,MAHARASHTRA,CAPITAL GOODS & MANUFACTURING,18-12-2023
FEMALE,22,NOT DISABLED,GRADUATE,9,UTTAR PRADESH,132,BIJNOR,9,UTTAR PRADESH,AGRICULTURE,18-12-2023
MALE,21,NOT DISABLED,HIGHER SECONDARY,7,DELHI,79,NEW DELHI,7,DELHI,CONSTRUCTION,18-12-2023
FEMALE,24,NOT DISABLED,GRADUATE,10,BIHAR,217,SAMASTIPUR,10,BIHAR,DOMESTIC AND HOUSEHOLD WORKERS,18-12-2023
MALE,18,NOT DISABLED,HIGHER SECONDARY,9,UTTAR PRADESH,135,CHANDAULI,9,UTTAR PRADESH,MISCELLANEOUS,18-12-2023
MALE,19,NOT DISABLED,PRIMARY,9,UTTAR PRADESH,133,BUDAUN,9,UTTAR PRADESH,CAPITAL GOODS & MANUFACTURING,18-12-2023
MALE,25,NOT DISABLED,HIGHER SECONDARY,9,UTTAR PRADESH,144,GAUTAM BUDDHA NAGAR,9,UTTAR PRADESH,MINING,18-12-2023
